"","baseMean","log2FoldChange","lfcSE","stat","pvalue","padj"
"TR6479|c4_g1",70.9690766313321,2.69126235174968,0.577058117411061,4.66376309516947,3.10478794518318e-06,4.2497209615114e-05
"TR30457|c0_g1",39.3140001577153,3.98307529146687,0.433433967343251,9.18957809393961,3.94385154430309e-20,9.48837591250074e-18
"TR5108|c1_g1",191.265696964589,3.12979021222387,0.653323085428213,4.79057036561396,1.66307887038158e-06,2.47101522659249e-05
"TR13269|c0_g1",5.70386608536043,4.266221806361,1.10068600752682,3.87596624031496,0.000106202409477232,0.000833006422423145
"TR24012|c9_g3",706.704878787634,2.43812470659099,0.233301365420008,10.4505376648854,1.4569688480312e-25,8.10107056590858e-23
"TR32253|c6_g1",49.0176569807364,2.93926730549856,0.392574485377024,7.48715827182636,7.03808114066135e-14,6.45083806579708e-12
"TR34340|c0_g2",3289.15596868168,2.38391718783274,0.462851411169337,5.15050214886471,2.59789955420625e-07,4.98481938234621e-06
"TR15420|c0_g1",567.853292078607,4.26945723999668,0.521204550426836,8.19151950323582,2.57948607967267e-16,3.56581885080054e-14
"TR15973|c12_g1",30.8063212606926,2.08934197702647,0.541875133219829,3.85576279282566,0.000115369318047021,0.000891218186741127
"TR17891|c6_g1",65.2579338192861,5.61956303710508,1.05042814155049,5.34978340242324,8.80595609869248e-08,1.96026536962086e-06
"TR25553|c3_g1",13.4623345057371,2.53483329129584,0.512855089513769,4.94259166599883,7.70908384722141e-07,1.27656510219277e-05
"TR10844|c2_g1",7.09769797009286,3.68969190998866,1.15474813336563,3.19523522348953,0.00139716917124102,0.00689654169138321
"TR5039|c12_g3",464.734075943295,2.28512293500792,0.552338033550277,4.13718193606871,3.51597323761321e-05,0.000328748753282213
"TR29141|c1_g1",1535.33614964906,4.24019321639517,0.622665528504337,6.80974459366693,9.77721688651668e-12,5.76971093673429e-10
"TR9091|c3_g2",24.7575389343862,2.02309607619602,0.481519886889958,4.20147979611559,2.65175916363895e-05,0.000261837671797199
"TR13033|c0_g1",83.0789798280748,2.06323269402772,0.463901131710557,4.44756986563042,8.68472162570776e-06,0.000100929131350132
"TR26474|c1_g1",28.9956547060259,2.05192412439636,0.392269417921302,5.23090516530663,1.68682033563807e-07,3.42858908350936e-06
"TR2732|c6_g3",51.0819745643968,5.07040098950171,1.11926328850702,4.53012355677734,5.89492016125689e-06,7.30551868403755e-05
"TR9494|c0_g1",98.4134974037987,2.13154386005761,0.692087411252162,3.07987665344339,0.00207086339012419,0.00951082382838424
"TR23685|c0_g2",102.24231683754,2.45681336355619,0.526529113218548,4.66605416847374,3.07038790013291e-06,4.21170306025886e-05
"TR35292|c0_g1",94.9815594200437,4.9736693070553,0.798102156916156,6.23187052428653,4.60898347531133e-10,1.82182267829012e-08
"TR26378|c1_g1",901.45345521831,2.65143274576997,0.495313882733107,5.35303539472697,8.64909226635239e-08,1.92877840995012e-06
"TR23947|c5_g1",893.419385742561,2.24683668316447,0.387188144724255,5.80295836476245,6.51549746410943e-09,1.95707397418346e-07
"TR9491|c4_g1",694.175641971362,2.13617403626875,0.319031217134098,6.69581508498856,2.14472789386958e-11,1.16659210070676e-09
"TR17137|c0_g1",25.1986079454477,4.63167705770404,1.12910980662524,4.10206078321782,4.09486660888655e-05,0.000374206199492149
"TR23683|c0_g1",36.9810606099713,2.89635697454766,0.449878258650712,6.43809056973436,1.20985804767083e-10,5.56840120529803e-09
"TR30231|c0_g1",4.58586520699484,2.97462909831497,0.832924944683962,3.57130509453482,0.000355206831190713,0.00226205907946623
"TR34766|c2_g1",140.448417510373,2.12745960758976,0.619868829068956,3.43211258224617,0.000598898884303892,0.00347761638063766
"TR13678|c0_g2",6.47486302692352,2.85526823266376,0.781916121170228,3.651629830052,0.000260581306759628,0.00174892834668258
"TR28102|c0_g1",5.81770286917101,3.62028443855411,1.15425875746867,3.13645828123802,0.00171001763649894,0.00812810624674012
"TR9437|c9_g4",57.523820372191,2.12412823956642,0.487151670127049,4.36030166747134,1.29883259383255e-05,0.000143479427506773
"TR16201|c0_g1",7.33236396985176,3.70917284911102,1.15436127758132,3.21318197443583,0.00131273087835852,0.0065626052562255
"TR33506|c0_g1",694.571604943344,3.99604937068,0.809065769145329,4.93909089109196,7.84876248358423e-07,1.29711945906051e-05
"TR9124|c3_g1",29.0032351133947,5.36935391118666,1.08409254182287,4.95285568717062,7.3132212148351e-07,1.21826969385079e-05
"TR18220|c7_g2",37.9481366698198,3.30924368181539,0.600320641132441,5.51246026718797,3.5385209001794e-08,8.7834654209711e-07
"TR26410|c2_g1",5.10766956049335,3.71205160635627,1.1447753241963,3.24260274299881,0.00118443233709163,0.0060255229038764
"TR9107|c1_g2",499.115885016193,2.20882198770608,0.200802172023507,10.9999905152794,3.82172109813642e-28,3.08462205149908e-25
"TR26384|c5_g1",123.164868482557,2.31117209147903,0.376663847437995,6.13590103536414,8.46778615184757e-10,3.15286424561575e-08
"TR29589|c0_g1",4.92335970614772,4.1716045679491,1.10166372022899,3.78664059762447,0.0001526977115338,0.00112405102685708
"TR24428|c0_g1",120.137287871511,2.62487406094187,0.66731165831847,3.93350547412311,8.37159315020965e-05,0.000678980979615545
"TR13678|c4_g1",394.753246172324,2.24219752884823,0.524140094129698,4.27785920970472,1.88699301928182e-05,0.000195424057679844
"TR26284|c0_g1",11.5641343214554,4.0714817140826,0.979400828754175,4.15711483444591,3.22292009948362e-05,0.000306152937772133
"TR6536|c5_g3",181.121354174702,2.06518504991799,0.319601507918725,6.46175001916191,1.03498976243577e-10,4.85862642512294e-09
"TR30895|c1_g1",5.48060448333396,2.16421395369788,0.692338174506442,3.12594918695725,0.00177232172398111,0.00835914455338953
"TR22640|c0_g1",7.47179343818089,3.77053612596183,1.15131473802778,3.27498294030423,0.00105668354548926,0.00551527950288531
"TR15275|c8_g2",32.9086017899999,5.04422560186927,0.988646429892873,5.10215325656499,3.35810632374836e-07,6.24243523971083e-06
"TR32233|c4_g1",18.5105315256465,2.38774681032273,0.635536174964073,3.75705884949462,0.00017192207713475,0.00124361442381862
"TR34766|c2_g3",366.8787164092,2.0328344234459,0.624173254058743,3.25684320855983,0.00112658643593788,0.00580006568181103
"TR18220|c6_g1",463.738625766024,2.36587194325701,0.427389677112144,5.53563193019334,3.1010819932198e-08,7.84551795271513e-07
"TR7582|c1_g4",41.270568869707,2.42787611052566,0.752657646137551,3.22573765507453,0.00125648471154183,0.00633457666078747
"TR7188|c0_g1",5.37064318831736,3.49179025860775,0.929148785433731,3.75805286876393,0.000171240705387679,0.00124047877518967
"TR17857|c1_g1",153.581343512192,2.72631925425232,0.31925104652562,8.53973474456105,1.34530297151492e-17,2.30553600344349e-15
"TR3360|c1_g1",5.91207100349804,4.22110888765949,1.10738732734001,3.81177279479869,0.000137973672564011,0.00103360456922878
"TR9437|c9_g3",57.6823632629624,2.18224720266077,0.455213255417111,4.79390082931829,1.6356915569958e-06,2.43321274955957e-05
"TR28030|c0_g1",20.0225923324082,2.99898055065513,0.792423182858405,3.78456942644875,0.000153974921376321,0.00113212063113633
"TR37039|c1_g1",333.36339004714,4.01535913511184,0.837148516270167,4.79647166192431,1.61484790347164e-06,2.40793262173802e-05
"TR7704|c5_g1",9.05859115196456,3.87589056996716,1.14960535138871,3.37149663167898,0.000747609529167135,0.0041485779616968
"TR12150|c0_g1",8.88790480432862,3.478603881405,1.12332144395379,3.09671278878222,0.00195679364002972,0.00908534675583292
"TR12912|c0_g1",7.08147603801422,4.66269876247427,1.07048248104216,4.35569833701054,1.32643348451489e-05,0.000145884361389218
"TR19157|c0_g1",29.1808087723965,4.38904975415999,1.11232560323609,3.94583181524449,7.95234203897528e-05,0.00065216502837496
"TR4808|c0_g1",7.33110938766328,2.95732525510176,0.798463339060038,3.70377086890823,0.000212418137990604,0.00147472647909625
"TR30205|c2_g1",11.3738815063996,4.94072712408148,1.07292909856585,4.60489619555066,4.12671653520524e-06,5.40316977641916e-05
"TR28511|c2_g1",6.51960439871879,3.62582430925335,1.15646481562797,3.13526556126526,0.00171698603790987,0.00814884439577825
"TR21657|c0_g2",3.29383462364685,3.37262658479294,1.00167721016305,3.3669794526362,0.000759963504844903,0.00420036378500648
"TR5109|c4_g1",1434.4922787274,4.6152263933651,0.645999256077549,7.14432152970013,9.04414788172355e-13,6.48405799852736e-11
"TR11710|c2_g1",34.9382144279175,2.75147524108981,0.804157188393467,3.42156394396806,0.000622620822284379,0.00358540750158284
"TR13676|c0_g2",502.70907727696,3.47163793574514,0.669127232591088,5.18830764412589,2.12213811797841e-07,4.18094628739667e-06
"TR34820|c13_g2",127.420491294064,2.825516661522,0.702865031991191,4.01999890863459,5.81984110269903e-05,0.000504392948495436
"TR38931|c12_g1",10.4591108727159,4.69460761506926,1.09276552580482,4.29607953784202,1.73845229248783e-05,0.000182840751619748
"TR24014|c2_g3",195.649806104229,2.01622041069884,0.289027250043986,6.97588345179219,3.03954635275924e-12,2.00138129716813e-10
"TR13676|c0_g4",911.0627454261,3.46733892938424,0.616267224626146,5.62635621501318,1.84056068505765e-08,4.90966619411807e-07
"TR22897|c4_g1",11.2543493414273,2.67990508513894,0.627648176801779,4.26975682267503,1.95686205508414e-05,0.000200996081610264
"TR1426|c4_g2",60.6133065300457,4.33666257940614,0.977988266450442,4.43426851647805,9.23854236263095e-06,0.000106377159896636
"TR27385|c0_g1",3620.51228380632,2.13310392050335,0.238551421930876,8.94190402739015,3.82521732411789e-19,7.78136281843526e-17
"TR37039|c2_g1",588.966385654579,4.45480048393184,0.673481997029863,6.61457990499827,3.72608351882555e-11,1.92227496339245e-09
"TR35961|c1_g1",8.45617172000678,3.77386523613446,1.153766734076,3.27090834280016,0.0010720264946185,0.00557886333649113
"TR32140|c15_g2",8.50492127391302,2.51158410770266,0.689690725150464,3.64160922586675,0.000270939126643931,0.0018034498238249
"TR35862|c1_g1",6.82737428559629,3.17857782696238,0.859885043096942,3.69651484518731,0.000218579483420998,0.00150829488545968
"TR27535|c0_g2",2.53828500656462,3.75496708659406,1.10551628613308,3.3965732876974,0.000682352822598027,0.00385485436311249
"TR16062|c0_g1",35.5790704675808,5.01689715581333,1.07819812985497,4.65303826532158,3.27079521199837e-06,4.43810016265787e-05
"TR36211|c13_g1",13.2916200058606,5.00497554933071,1.07616251996813,4.6507618101018,3.30711113105389e-06,4.46694749104987e-05
"TR26410|c5_g1",442.288567859391,5.7709414545632,0.901760937541796,6.39963566208003,1.55748144714238e-10,6.93411802294476e-09
"TR18561|c0_g1",2.14488626314484,3.46340607215312,1.12898786553605,3.06770885487656,0.0021570666586449,0.00983992066835989
"TR31881|c2_g1",19.6187275891375,2.37216783472953,0.52725716602112,4.49907177673998,6.82508126416421e-06,8.28072984671905e-05
"TR8684|c0_g1",14.8119914607298,3.62471208769041,0.638683930231703,5.67528305648058,1.38459515246037e-08,3.82806136018905e-07
"TR38931|c0_g1",3.38228759800845,4.0829222684355,1.08520077606456,3.76236578381565,0.000168313637963518,0.00122281519613391
"TR7582|c1_g2",36.6292126753464,2.26885425106565,0.706916194147714,3.20950951449213,0.00132961646060592,0.00662451880940275
"TR7544|c0_g2",1052.19859791682,2.08135063957316,0.316427986539272,6.57764397623802,4.77960971962641e-11,2.40624979466343e-09
"TR30801|c0_g1",548.447462419781,2.17711358417493,0.480521992884628,4.53072620278099,5.87812787899217e-06,7.29595045322122e-05
"TR28219|c0_g1",6.49674725732365,3.65017229219564,1.15504903888619,3.16018815592062,0.00157667283640172,0.00761581680301304
"TR2831|c1_g1",2253.12096759607,6.45536311423309,0.88282115154311,7.31219806293671,2.62807339116928e-13,2.14192261630119e-11
"TR35292|c1_g1",20.3909178214774,4.72634853624685,0.970857256146528,4.86822187950307,1.12606858836173e-06,1.76869818891392e-05
"TR2490|c8_g1",2.40559217214732,3.53611019213478,1.12756935680442,3.13604672811991,0.00171241916862382,0.00813642993128307
"TR2329|c0_g1",1665.71325484621,3.10544167748669,0.548323695437434,5.6635190186506,1.48299725136731e-08,4.07311462419995e-07
"TR33151|c0_g1",11.4880803043966,4.05548614834127,0.991540712088052,4.09008535796877,4.31214463149063e-05,0.000389931950937937
"TR6452|c2_g1",206.979385854731,2.93379221612743,0.296891280711217,9.88170554924819,4.99749785105782e-23,1.83885873134291e-20
"TR15773|c0_g1",62.5706083323984,5.43236502902752,0.783737680315515,6.93135619923311,4.16825027821129e-12,2.67419974900319e-10
"TR12543|c0_g1",14.2661248089467,5.02026357952164,1.07898401467633,4.65276918956728,3.27506771737599e-06,4.43908284704576e-05
"TR2443|c0_g1",3.66703564228479,3.48923958018157,0.999073942621315,3.49247381132441,0.000478568521367921,0.00288951634669637
"TR12912|c1_g1",3.02070699873751,3.80570655246202,1.1113729106219,3.4243290583108,0.000616319446718902,0.00355484759713086
"TR11470|c0_g1",1532.39987507813,2.20207909910806,0.683886249850041,3.21994936963701,0.00128213238850105,0.00642890470795286
"TR22897|c3_g1",9.07483489945385,3.81192263262878,0.803171242187531,4.74608954156097,2.07386933517003e-06,2.98391516016615e-05
"TR13217|c2_g1",6.9427248165585,4.39504781858865,1.09903751251674,3.99899709385189,6.36114610911428e-05,0.000545262887276973
"TR36989|c2_g1",213.788101544286,2.04146433940636,0.573551341405629,3.55934018810461,0.000371787689502695,0.00234793028244496
"TR13350|c1_g1",7.79026739867199,3.75316173614449,1.15321570885806,3.25451839349375,0.00113584804541738,0.00583569930858639
"TR25588|c6_g1",184.706269115888,3.67796564815761,0.9250235608796,3.97607780353211,7.00612119386162e-05,0.000588630552377814
"TR2490|c7_g1",2.51797155962345,3.61050303670955,1.12217434132984,3.21741720848018,0.00129350352796664,0.00647683645652456
"TR36367|c0_g1",678.662509928504,2.20349919942128,0.56981484802674,3.86704419348138,0.000110162470308051,0.000857882094484206
"TR30202|c1_g1",9.62226608756156,3.99489787210503,1.14405030148905,3.49189005667447,0.000479615619077406,0.00289307193947343
"TR1615|c0_g1",6.14398758473983,3.69092092435142,1.15136615055151,3.20568823617356,0.00134739886249389,0.00669711301916164
"TR13217|c0_g1",25.2286253458346,5.53255788904203,1.06320977927104,5.20363713437178,1.95425420516758e-07,3.90423759357286e-06
"TR20767|c0_g1",16.9830744293849,5.42435553020317,1.04846270227315,5.17362755817897,2.29592253866752e-07,4.47749632424006e-06
"TR6629|c2_g4",325.849126582479,2.0146310376401,0.323920884869984,6.21951572665261,4.98691639855586e-10,1.95576230733959e-08
"TR6391|c0_g1",467.069866999924,3.95124561266689,0.928332167296462,4.25628428256872,2.07852389832348e-05,0.000212272434530415
"TR6089|c9_g1",24.7042602428714,2.72891812601479,0.455651145583451,5.98905138825115,2.11068471796199e-09,7.01347175672336e-08
"TR29841|c0_g1",162.171750787031,2.03895967687933,0.42746110779855,4.76993026893157,1.84289702851556e-06,2.70605202761079e-05
"TR7759|c0_g1",190.552868796712,3.01085877878023,0.407276140688325,7.39267164948988,1.43907541751643e-13,1.23735759524669e-11
"TR2996|c0_g1",10.0603550667685,3.75793520740662,1.15766338538894,3.24613808714705,0.00116982082319084,0.00596983210627332
"TR31903|c0_g1",24.752555498348,3.90743236506261,0.826790816375755,4.7260229403501,2.28959794209682e-06,3.25870478436885e-05
"TR19699|c1_g2",3.85099482169577,4.04935898701371,1.09892322737094,3.68484247685017,0.000228844128268024,0.00156531135412636
"TR38966|c5_g1",60.3291685185251,3.30487379371678,0.402930441467217,8.20209508540114,2.36233324313592e-16,3.30211955734659e-14
"TR27085|c0_g2",914.983769300344,3.31481584158123,0.608164365421398,5.45052625581638,5.02209874035705e-08,1.19220049888495e-06
"TR18959|c0_g1",609.311524868821,2.60957477695627,0.382737103824194,6.81819126204956,9.21938511037331e-12,5.49233892492025e-10
"TR3922|c4_g4",518.557176735278,2.41484888450995,0.626937250898262,3.85181911116305,0.000117243618074186,0.000902631559333602
"TR35446|c0_g1",7.32725510190905,4.93495033157539,1.0376394023292,4.75593960724491,1.97525518199497e-06,2.86675521512159e-05
"TR2727|c6_g3",10.2059725196891,5.18222707876854,1.03577087568857,5.00325622239903,5.63699374194775e-07,9.8082907105198e-06
"TR22074|c0_g1",36.8272970004221,3.15948053945686,1.00260527438807,3.15127061483416,0.0016256179665937,0.00779996658874528
"TR15220|c0_g4",10.0779540032641,2.09538270036029,0.679756700964331,3.0825480607807,0.00205236586246043,0.00944740655106683
"TR2171|c9_g1",45.1874982132259,2.16716795490505,0.339872167419197,6.37642079185636,1.81274434629143e-10,7.91565031213923e-09
"TR13932|c0_g1",86.1190867354884,3.18499893345883,0.408418186843807,7.79837685013984,6.27085073866254e-15,6.84067274632331e-13
"TR20267|c0_g1",27.5154898152344,3.00750147689793,0.842795116745894,3.56848469709953,0.000359051820585541,0.00228305860301673
"TR35019|c0_g1",7.93341543427052,3.3713917399356,0.99987293764377,3.37182017135136,0.000746731881235139,0.00414580402449674
"TR26410|c4_g1",393.456866510303,5.2234917194396,0.802378065405181,6.51001310311477,7.51442500428069e-11,3.65084326275936e-09
"TR23091|c0_g1",9.10302686579562,3.90312617400126,1.14815938945588,3.3994637067341,0.000675181398664395,0.00382429559450175
"TR31228|c0_g1",478.549659381267,2.26568151662628,0.33646644442957,6.73375177268394,1.65343164419419e-11,9.34067771399775e-10
"TR17475|c0_g1",1708.04506717857,2.44756657088504,0.357371737195388,6.84879724987,7.44734566265097e-12,4.52281640352403e-10
"TR22687|c0_g1",19.6771425886379,2.22278526211133,0.446657484773248,4.97648721422358,6.47485510894694e-07,1.1005934081587e-05
"TR23890|c1_g5",22.2559227956853,2.73288670764599,0.753088893846288,3.62890321445079,0.000284627918984839,0.00187906996330334
"TR26674|c0_g2",57.3270451420069,2.25354339694214,0.396353402115515,5.68569207407828,1.30283961347089e-08,3.62727391936653e-07
"TR9480|c8_g3",426.813352276318,3.2527339226277,0.446588292594164,7.28351812299659,3.25225210333166e-13,2.60816025248274e-11
"TR15275|c8_g3",274.925816629882,2.14524560939385,0.454090501880141,4.72426884180919,2.30944736961959e-06,3.27949390665447e-05
"TR25607|c2_g3",502.593186017342,3.94882143085357,0.282064074305386,13.9997319423893,1.56459748378008e-44,5.59254194880878e-41
"TR32302|c11_g1",14.5336843502901,4.36729608843793,1.1316313028885,3.85929240141235,0.000113715810970556,0.000880075257127833
"TR22897|c2_g2",78.9009856883204,3.49919528523532,0.475406418280177,7.36042920475065,1.83319837961183e-13,1.53406209552734e-11
"TR22045|c1_g1",8.10646527896006,2.25470865436253,0.620376966721796,3.63441709687723,0.000278609824890306,0.00184518169099533
"TR7381|c0_g2",2.90210215163107,3.83132776735673,1.105613201216,3.46534191446238,0.000529557755912713,0.00314877961280703
"TR34904|c3_g1",6.08955482535205,3.21079781699219,0.94278307173215,3.4056591736348,0.000660045239233788,0.00376024406440542
"TR32233|c6_g1",54.9498877254127,2.65323733406815,0.708487489793732,3.74493180513408,0.000180442782019686,0.00129254476063973
"TR12186|c0_g1",11.691691095411,5.34686925946651,1.02676354708631,5.20749813785221,1.91403758205759e-07,3.84050796637233e-06
"TR22720|c0_g2",8.66947519896834,3.72895460013022,0.891867432035077,4.18106376148463,2.90148479746469e-05,0.000281169833916979
"TR2490|c5_g1",8.37188953802423,4.66626801734325,1.08210568943773,4.31221096320812,1.61630102018859e-05,0.000171725978030313
"TR14608|c0_g1",108.126207315008,2.49190995850215,0.535428631279876,4.65404689425284,3.25482727578757e-06,4.42363026982513e-05
"TR27221|c0_g1",6.81731768754367,3.69039316207008,1.15384549255179,3.19834257350054,0.00138219976879032,0.00683613765860895
"TR14605|c0_g1",770.957634731384,4.24068162872688,0.639471609283627,6.63154011399746,3.32202231127657e-11,1.73193718585306e-09
"TR8772|c0_g1",145.597015772607,2.97125100312362,0.594029453694332,5.00185804701281,5.67803941416896e-07,9.85914116460246e-06
"TR25514|c5_g1",4312.6905767801,2.65029562440244,0.43237603650294,6.12960802785938,8.80958418340847e-10,3.25110038131362e-08
"TR12287|c0_g1",8.01476237494544,3.72107725331042,1.00547201125646,3.70082629019227,0.000214898555476808,0.00148864251289734
"TR19699|c1_g1",11.9882882491784,4.8972853704506,1.08063071144885,4.53187691092418,5.84619133566582e-06,7.27080701641979e-05
"TR23242|c2_g1",6.58279414681045,3.05035881259949,0.7854656530844,3.88350375426501,0.000102961941425756,0.000811916399752232
"TR38966|c6_g1",50.9226794667504,2.99906723919419,0.671850719934913,4.4638892989275,8.04851590112667e-06,9.48572380414934e-05
"TR36367|c1_g2",190.008581532758,2.15056588217467,0.573035870867412,3.75293413817068,0.000174776786140897,0.00126042648838277
"TR24408|c1_g1",7.09243320210528,2.01127955737956,0.626084271798888,3.21247417955522,0.00131596976956451,0.00657748294132511
"TR17962|c1_g1",4.96531902208137,3.77761702590799,0.970442753646887,3.89267374269306,9.91454468368979e-05,0.000785783409979735
"TR38318|c0_g1",1330.04261430417,2.60260403546906,0.5084408638866,5.11879398436694,3.07495628245654e-07,5.76822366522128e-06
"TR10847|c0_g1",222.15677121406,2.3792344340715,0.713659979748428,3.33384875373032,0.000856532187307247,0.00464522111591348
"TR34307|c1_g2",24.9367971918612,3.35147119131982,0.68186597423052,4.9151465507601,8.87160704151474e-07,1.4432801026381e-05
"TR36205|c2_g2",1510.41936991448,3.3463133521018,0.618894284655065,5.40692236957212,6.4116916388642e-08,1.48131981990786e-06
"TR13733|c1_g1",10098.3920059916,2.89645674383411,0.755648000633649,3.83307669894618,0.000126550474844727,0.000961560713965966
"TR13989|c0_g2",1371.05972716938,2.77483642398048,0.371442816632339,7.47042693984055,7.99350426090148e-14,7.24657500405855e-12
"TR17849|c4_g1",372.013077747241,3.37872034872005,0.264172984940966,12.7898026721963,1.86947974428699e-37,3.59817328321576e-34
"TR7723|c12_g2",13.7488814270069,2.77656592518311,0.843627853464531,3.29122125802339,0.000997534207186449,0.00526001739936547
"TR26593|c0_g1",932.244489579901,4.03021154914995,0.616526455432527,6.53696449460961,6.27799447537453e-11,3.07400586630814e-09
"TR34352|c0_g1",5.92449587041131,4.27389247088573,1.10218700163573,3.87764731805307,0.000105471462769194,0.000828051920284907
"TR10907|c0_g1",11.4866426978754,2.70537956842544,0.562966208278579,4.80558074115651,1.54302949871089e-06,2.3104812140781e-05
"TR26935|c0_g1",11.5337251733194,3.98942614507882,0.924754440995892,4.31403837410341,1.6029910351049e-05,0.000170456603014703
"TR18959|c0_g2",784.957413279343,2.59469302019321,0.361770901489411,7.17219933806413,7.3802372385935e-13,5.41527612747354e-11
"TR7175|c1_g1",3.36984885570147,3.95845851591957,1.10077633581003,3.59606069566045,0.000323072449778959,0.00208986446895536
"TR35074|c0_g1",214.455668517912,2.53086756014586,0.252498946602347,10.0232796778026,1.20438660516988e-23,5.02249287465928e-21
"TR1470|c0_g1",100.484940686687,2.05043142209211,0.413413794712031,4.95975569349436,7.05818888394522e-07,1.18366584494097e-05
"TR13666|c5_g1",1309.59691920357,2.02213431914787,0.62982251183311,3.21064153972904,0.0013243902824757,0.00660769077922721
"TR26453|c8_g2",6248.60599590682,2.55079232963041,0.448682070196418,5.68507747259381,1.30753372407455e-08,3.63508903445213e-07
"TR17948|c0_g1",2862.33412251263,3.93066368133418,1.10889701480228,3.54466071137817,0.000393118766104312,0.002459056161674
"TR34962|c0_g1",1551.56352617537,3.33870199954872,0.899921353289825,3.70999308699976,0.000207264906819381,0.00144456134638655
"TR5183|c0_g1",22.6877592598556,5.58374147265406,1.05174100799166,5.30904607714822,1.10200473951049e-07,2.38316859008573e-06
"TR11625|c0_g1",4.7303380993877,3.74836238496914,0.99876894042904,3.75298253003238,0.000174743037253466,0.00126042648838277
"TR2146|c11_g2",1039.6531259323,2.02351476521133,0.213290487739107,9.48713084517135,2.37480665954947e-21,6.90930667774269e-19
"TR2250|c0_g1",7.57484072468837,3.79676470021193,1.15010643863047,3.30122897558339,0.000962622869628209,0.00510616638137956
"TR25603|c6_g1",384.773623665115,3.33872518998134,0.949599764496966,3.51592883107966,0.000438218434743953,0.00268939500998981
"TR22897|c2_g1",29.7205478701634,3.1091160375672,0.449224859528393,6.9210685286456,4.48249567123785e-12,2.84661228908736e-10
"TR24033|c0_g5",795.046875964674,3.075344145124,0.484553354843625,6.34676060826465,2.19895898781619e-10,9.45363450758574e-09
"TR26555|c0_g1",26.4598057649811,2.9806653231801,0.751567213044825,3.96593314802083,7.31093533370261e-05,0.000609350143186452
"TR10974|c1_g2",136.059795436001,2.42351753260523,0.37232683746303,6.50911320043073,7.55957414294901e-11,3.65857068918234e-09
"TR30522|c1_g1",6.84495888823875,5.04161201720804,1.01511967885225,4.96651983232987,6.81650851083847e-07,1.14852430605852e-05
"TR25514|c5_g2",6617.28416049962,2.38563467172522,0.381007233463872,6.26138944931982,3.81562273169474e-10,1.5574338722632e-08
"TR37004|c1_g2",1092.35855913889,2.33957973250522,0.409964845628921,5.70678134344935,1.15132529930007e-08,3.25138942593533e-07
"TR9494|c1_g1",1506.27488568872,2.35640189627907,0.588124215839115,4.00663980978413,6.1588675155648e-05,0.00053010328210164
"TR1416|c1_g2",1469.27097205565,2.92517500634819,0.537710767643205,5.44005287297719,5.32647608227389e-08,1.25375125168932e-06
"TR9480|c10_g1",56.3145269254489,3.1316014197085,0.834835955040624,3.75115781825199,0.000176019857099092,0.00126643130283552
"TR7759|c0_g2",159.135119330321,2.80799986434127,0.378808859687357,7.41270905505958,1.23745167969131e-13,1.08639573605461e-11
"TR34307|c2_g2",23.4617044775311,3.07546372015436,0.541835799520949,5.6760068693753,1.37875244177642e-08,3.82035048125004e-07
"TR20668|c0_g1",51.124507282403,4.84273725547961,1.10449384121853,4.38457606077446,1.16211873671045e-05,0.000130450304671297
"TR25607|c2_g2",429.501262396979,3.51717163160455,0.287859249021385,12.2183728456238,2.47998800026743e-34,3.65010469145243e-31
"TR6558|c13_g1",42.4947126165095,2.08498125755811,0.612597800427787,3.40350758050735,0.000665265673236941,0.00378051610494242
"TR2490|c0_g2",5.87487049873642,4.50515973255964,1.07525729972503,4.18984342976489,2.79146999894055e-05,0.000272301640715367
"TR20363|c0_g1",6.61558245363266,3.20608856167087,0.98687269874985,3.24873569380557,0.0011591913148796,0.00593193039411522
"TR39134|c0_g1",36.7374459566984,5.01598685687744,1.11555841942552,4.49639101774744,6.91165799332497e-06,8.35846276708478e-05
"TR37026|c2_g1",13.024527163832,2.45955968282774,0.58916636874181,4.17464372258762,2.98452755299238e-05,0.000287435965756052
"TR38531|c0_g1",22.768424997713,3.62194694731247,0.474609582748345,7.63142397239155,2.32174749001596e-14,2.32369775790758e-12
"TR24033|c0_g4",404.672452279175,2.86796236467556,0.544039511708045,5.27160675457452,1.35234590330751e-07,2.84106186789732e-06
"TR17372|c0_g1",4.14819481562877,3.56458733858945,1.14858434221507,3.10346154616306,0.0019127108948534,0.00891375289627994
"TR6996|c0_g1",1983.80935595613,3.29585272745272,0.771969737382462,4.26940664620877,1.95993658508574e-05,0.000201229270806033
"TR2916|c1_g1",1499.20019049603,4.62253446390389,0.408812180373176,11.3072327240453,1.20840790826117e-29,1.20942297090411e-26
"TR30801|c0_g2",733.945422495917,2.04098068617118,0.477836750574763,4.27129282901786,1.94343018259155e-05,0.000199944763974602
"TR20670|c0_g1",12.3185168652796,4.67534304414219,1.10287557788919,4.23922982598854,2.24287947078001e-05,0.00022665221017119
"TR32502|c2_g1",246.689186086286,2.08946213680178,0.403378373156865,5.17990620183605,2.21997498733011e-07,4.34775833105766e-06
"TR7381|c0_g1",4.71846795763102,3.36238349462186,1.05466349058423,3.18811025947174,0.00143205918291691,0.00704236494020521
"TR19908|c2_g1",1276.69725657181,5.61617071464634,0.905316804263185,6.2035418852268,5.52063382591817e-10,2.14823917509018e-08
"TR23994|c1_g3",931.669673260397,2.43984680163489,0.312642944347197,7.80394007205032,6.00036943324166e-15,6.58487910478682e-13
"TR29115|c16_g1",35.2899322955485,3.44680773967444,0.833677699873913,4.13446076366892,3.55789029237505e-05,0.000331923836709605
"TR26383|c13_g2",265.645650020961,3.21409957904185,0.300405286796054,10.6992111001825,1.02648395972084e-26,6.58555260414745e-24
"TR28123|c0_g1",11.7200315000065,5.04565935636727,1.06352383125081,4.74428424460697,2.09244863219751e-06,3.00718881253383e-05
"TR9494|c1_g2",897.001177680439,2.41236515455671,0.609350165428839,3.95891441640781,7.52912084974681e-05,0.000625388877478259
"TR13269|c1_g1",3.38483129246242,3.74108368360137,1.12503541835991,3.32530302828613,0.000883224831252268,0.00475864954839858
"TR27514|c0_g1",9.88873635607559,3.77932899701108,1.15635830338767,3.26830272757082,0.00108194572473964,0.00561413603872055
"TR2732|c6_g2",26.2283155364552,4.5474930391699,1.13446662120724,4.00848553334316,6.11093815172557e-05,0.000527065782469237
"TR11943|c0_g1",16.0913881401942,4.17149390288382,1.14512752348178,3.6428203997755,0.00026966699956277,0.00179689427325168
"TR37026|c0_g1",378.779058795046,2.87008561873403,0.743744948286266,3.8589648579762,0.000113868308405201,0.000880982976068813
"TR2270|c0_g1",26.3899605366432,4.37599931474811,1.10796460638117,3.94958402962075,7.82871244948182e-05,0.000643339744598399
"TR27968|c0_g1",42.1651930086661,2.97273040677203,0.930156072101762,3.19594796608155,0.00139372243985976,0.00688360228340527
"TR38931|c1_g2",4.94730314566238,3.96757480790599,1.12253562273108,3.53447563494962,0.000408585103528609,0.00253677614773929
"TR38754|c0_g1",7.77674235824549,3.65386094509949,1.15839452682665,3.15424569132679,0.00160913553621761,0.00774330375273591
"TR6536|c2_g1",9.1186193535394,2.77726845414598,0.659715304094501,4.20979843412598,2.55598618507327e-05,0.000253581801493728
"TR3925|c12_g4",126.326158289769,5.54078784840869,1.04473495241633,5.30353448555884,1.13581735027314e-07,2.44782824471871e-06
"TR16005|c0_g1",9.48148182392571,5.08982399913071,1.04116619302004,4.88857978030097,1.01566036471345e-06,1.62382351345018e-05
"TR17849|c3_g1",196.421310060969,2.94966059152161,0.359750939905646,8.19917410721773,2.42044153384344e-16,3.36454820101648e-14
"TR34798|c1_g1",1631.65432436116,2.01621516678391,0.196810951482417,10.2444256866673,1.25367195349207e-24,6.16394729967917e-22
"TR27793|c0_g1",65.9095755576286,4.28888849209482,0.989018085346734,4.33651169340468,1.44761729272587e-05,0.000156936015083597
"TR31744|c0_g1",8.61655201023146,3.88281165901904,1.14807787430416,3.38201070321328,0.00071957340910991,0.00401948285924804
"TR2916|c0_g1",788.367008072447,2.30446779956507,0.34295956591144,6.71935711558528,1.82528068152749e-11,1.01264629562083e-09
"TR2490|c3_g1",5.48204857759471,4.50757274288066,1.06924041573866,4.2156774814453,2.49029449674107e-05,0.000248245651804615
"TR24563|c0_g1",17.3113121581336,3.97122724889279,1.11956027775213,3.54713125126795,0.000389450517164631,0.00243837536612761
"TR23905|c7_g3",741.579746926399,2.56664940890952,0.362332902225705,7.08367745005584,1.40378435874105e-12,9.83868023531086e-11
"TR5039|c12_g2",769.979000321779,2.29481838489283,0.497860937009891,4.60935617619512,4.03917839833423e-06,5.30799804121433e-05
"TR7322|c0_g2",19.4251793487065,2.55521788611746,0.702539654423763,3.63711552796732,0.00027570829014192,0.00182984008690742
"TR19898|c5_g3",698.155820150968,2.89372430151971,0.920122341324386,3.14493428923223,0.00166124138887046,0.00793848754601371
"TR10129|c11_g2",162.608457813563,7.13112398264839,0.843201848378598,8.45719681042079,2.73881460965711e-17,4.44986236027472e-15
"TR8551|c10_g1",1220.7607164968,2.63990578464079,0.446050641880994,5.91839925060598,3.25090045217872e-09,1.04016342984608e-07
"TR9438|c10_g1",3.94925489789691,3.60169187196977,0.988583486828445,3.64328548873971,0.000269179994086575,0.00179460501786309
"TR14258|c0_g1",901.656176660863,2.44452703321967,0.581975499276007,4.20039509611783,2.66449603016562e-05,0.000262680674431734
"TR30871|c4_g1",25.3247741120209,2.11714548633121,0.373305951010903,5.67134137722165,1.4168374979452e-08,3.9085657151143e-07
"TR3913|c8_g1",5370.59960424077,2.03691781945789,0.242142629219667,8.41205790992729,4.02878882213161e-17,6.33989466154434e-15
"TR26466|c4_g1",16.2740407237246,5.52063849951107,1.03406774136162,5.33875903743183,9.35849251539705e-08,2.06671528003309e-06
"TR10129|c11_g1",2019.88383949457,2.56763406258522,0.326774709380387,7.85750545828298,3.91858936602741e-15,4.45668293306236e-13
"TR6582|c14_g1",51.2953463519982,2.14803687216594,0.571405546381841,3.7592159995075,0.000170446637604363,0.00123615806362283
"TR21442|c0_g1",83.1038911108067,5.74739258910665,1.05622965082856,5.44142325922974,5.28565621468359e-08,1.24766419007168e-06
"TR38931|c8_g1",39.7292222197202,6.97416077703848,0.934389352870612,7.46387012610172,8.40174179840828e-14,7.58916900859111e-12
"TR21898|c0_g1",20.0621759538815,5.49754588370451,1.05237980026551,5.22391809717131,1.75176286387569e-07,3.55193343736091e-06
"TR13704|c2_g4",219.992749509782,4.08859246555206,0.55406353064418,7.37928457554041,1.59142350970662e-13,1.35438801484249e-11
"TR13676|c0_g3",8478.29298022889,3.64218472277677,0.528795435537722,6.88770075912835,5.67013236308378e-12,3.52916372777909e-10
"TR23886|c2_g2",508.648485723002,3.70724212868293,0.922735286700719,4.01766593530669,5.87774438608214e-05,0.000508882499253153
"TR26504|c0_g1",14.43695826086,4.10819884625407,1.03062300814652,3.9861315085933,6.71592978456363e-05,0.00056904598421797
"TR34044|c4_g2",15.5880056518317,4.20958426039921,1.07944930670685,3.89975169213059,9.62913912523064e-05,0.000767050907521159
"TR31757|c0_g1",5.05620479358523,3.65756815048601,1.14817412146717,3.18555180969613,0.00144478231703697,0.00709238735620599
"TR38931|c6_g1",18.9652802390449,5.74439578900221,1.0201316048488,5.63103403688158,1.79132367665355e-08,4.79879118988742e-07
"TR32302|c5_g1",235.851502582834,4.89908967301735,0.971698559438014,5.0417792899176,4.61223075664234e-07,8.21956023945498e-06
"TR14621|c0_g1",166.76571618282,3.50324069502794,0.329346506589689,10.6369450561454,2.0059879849356e-26,1.22419086270911e-23
"TR23962|c15_g1",12.7203007306635,2.470812195022,0.688713778421675,3.58757479875654,0.0003337680008554,0.00214839592269912
"TR36486|c0_g1",28.0051023745911,2.11783868669795,0.528569419969691,4.00673706552942,6.15633314127199e-05,0.000530067486330924
"TR6536|c5_g1",24.2636421397324,2.04454640942956,0.432176856833292,4.73080956812599,2.23626225769294e-06,3.19369394690268e-05
"TR33347|c0_g1",3306.48098467416,3.15629865233215,0.353991605923544,8.91630931218706,4.82085786607568e-19,9.57322894183172e-17
"TR24428|c1_g1",162.129633629051,2.4255274738243,0.639391783358273,3.79349177914786,0.000148543551164376,0.00109896753213597
"TR13327|c0_g1",56.2218748164681,2.92874668185074,0.727077819923279,4.02810621036381,5.62279429097422e-05,0.0004895196101408
"TR32192|c9_g3",3128.3675192742,2.61174115349307,0.393981162208545,6.62910160184412,3.37736065557009e-11,1.75321454280123e-09
"TR21657|c0_g1",3.22710872041094,3.76998656176705,1.11949644443518,3.36757350191418,0.000758328091410187,0.00419360425649361
"TR7188|c2_g1",6.30023258305031,3.80682736241438,0.86157595036611,4.41844663932036,9.94128169830176e-06,0.00011389231198407
"TR35074|c0_g2",104.486309316006,2.46519511897066,0.299479580285958,8.23159668053751,1.84734336418282e-16,2.65645852386312e-14
"TR10742|c0_g1",9.74750156577018,3.60188339240677,0.873726665610475,4.12243729552437,3.74884675827469e-05,0.000346636713742761
"TR7337|c0_g1",2511.09966462944,2.06730291932225,0.299346185052237,6.90606068342411,4.98296894706877e-12,3.14052559255939e-10
"TR21744|c5_g1",1109.86176703117,4.22302552773341,0.887210953815354,4.75988885120585,1.93699600248605e-06,2.8189596977049e-05
"TR2146|c8_g1",5104.05055731406,4.58403982562095,0.508954933956979,9.00676959742064,2.12215302167234e-19,4.46204964329946e-17
"TR6772|c0_g2",28.1789840366618,5.03633325017431,0.751441941725134,6.70222537567185,2.05269110387764e-11,1.12140576659656e-09
"TR1403|c7_g1",256.495627246012,2.02134530821285,0.565634481142652,3.57358926232623,0.000352121130329825,0.00224641070932753
"TR17283|c0_g1",12.5339994883668,4.36330934747478,0.954250045453213,4.57250106328522,4.81936777708095e-06,6.15860067162116e-05
"TR30080|c0_g1",11.366758639007,3.74857413421723,1.1129164341716,3.36824402903843,0.000756486061325179,0.00418669270966983
"TR9199|c0_g2",13.7032975690256,2.60955367695475,0.62155459313222,4.19843036442598,2.68771474995391e-05,0.000264137120025911
"TR26931|c0_g1",2.6403221214627,3.69976136612916,1.11498986340397,3.31820179497785,0.00090599005145129,0.00485791466575442
"TR308|c0_g1",18.5391537848225,5.91950570504807,0.995354538144003,5.9471328840133,2.72879879301717e-09,8.84353967221677e-08
"TR13035|c0_g1",4.3589952008232,4.14462189867625,1.09658781908965,3.77956222613979,0.000157104329239928,0.00115073402280803
"TR6569|c5_g1",17587.8476525784,2.65524842051784,0.403094662024853,6.58715847830834,4.48323679800888e-11,2.27535634732211e-09
"TR7230|c0_g2",5.57080385116828,4.28557599057089,1.09700687477586,3.90660814358752,9.36007619676093e-05,0.000747998934906277
"TR17506|c0_g1",5.08361209725945,3.67377104976637,1.14726516677203,3.20219872107072,0.00136382878980072,0.00676667859401227
"TR22207|c0_g1",268.655495621711,4.09451258929289,0.998030600482643,4.1025922324554,4.08546909366159e-05,0.000373639052133656
"TR38973|c0_g2",1828.78573181452,2.04308968627097,0.602256248875987,3.39239267352404,0.000692850692850336,0.00390182696056905
"TR308|c1_g1",3.16832044096966,3.66495259480386,1.12879533472977,3.24678219518088,0.00116717674219697,0.00596120213645856
"TR16180|c0_g1",23.4752898687993,2.94028618814244,0.617707096920775,4.76000065856383,1.93592327519562e-06,2.8189596977049e-05
"TR34904|c1_g1",16.5280037221609,4.31157459663085,0.839261369011138,5.1373442837134,2.78648187255313e-07,5.31406729673414e-06
"TR5039|c10_g1",308.378996471674,2.20436522102675,0.537814929058999,4.09874308413801,4.15399817233325e-05,0.000378228487154113
"TR37817|c0_g1",258.007333149225,2.27683350755152,0.57663351775449,3.94849317191602,7.86446587819745e-05,0.000645805056574921
"TR14590|c0_g2",291.116802322895,2.96372087094765,0.909259795028394,3.25948742829336,0.00111613727030405,0.00575693066177646
"TR27033|c0_g1",1487.22622806282,2.74802947319554,0.408486978050319,6.72733678393299,1.7279648493312e-11,9.67235089376196e-10
"TR3327|c0_g1",18.8232010783539,4.58290443711912,1.12498256746882,4.07375595821945,4.62609569808289e-05,0.000414683517563398
"TR23091|c1_g1",9.33197858020573,3.92113483750839,1.14768489266422,3.4165604710592,0.000634175774875694,0.00364021841320595
"TR31228|c0_g2",565.390116176864,2.5112550581397,0.372937187584583,6.73372123172926,1.65377891663043e-11,9.34067771399775e-10
"TR23685|c0_g1",119.759276995142,2.46890848275274,0.561787535855319,4.39473702276759,1.10906933714184e-05,0.000125225739551561
"TR13782|c0_g1",8.9719832763822,4.05158026840794,1.13860240849205,3.55838020207054,0.00037314891430953,0.00235474375408291
"TR6772|c0_g1",206.363528273866,4.22117431006525,0.519713083695314,8.12212438457668,4.58093477831274e-16,6.22932440696538e-14
"TR37004|c1_g1",705.981017738157,2.35700252779868,0.392266640724966,6.00867441453241,1.87046322766723e-09,6.30739358752855e-08
"TR22314|c0_g1",207.713721598371,2.20017784083838,0.65955312429925,3.33586144888024,0.000850355321104893,0.00462035624090457
"TR10974|c1_g1",45.2365170856268,2.40021275489824,0.39648658373957,6.05370484988418,1.41551863788124e-09,4.93282616134075e-08
"TR18227|c2_g1",10.8983116980418,2.49752114742928,0.703316784334445,3.55106148901694,0.000383680766960303,0.00240784461251912
"TR32176|c3_g1",270.142190707313,2.15740503146439,0.6134343527671,3.51692894558757,0.000436570631822234,0.00268059724633721
"TR23922|c15_g1",45.6682999665513,2.63038165424621,0.497514230474697,5.28704807445701,1.24305979484826e-07,2.64702971292753e-06
"TR10148|c5_g2",194.840565662348,3.31510128248041,0.824097832365983,4.02270355809912,5.75338921574506e-05,0.000499498791003321
"TR15951|c4_g2",21.1068564976335,2.26162658916707,0.42310071639382,5.34536223063721,9.02364111181828e-08,2.00160039236529e-06
"TR37026|c0_g2",15.5017976425923,2.36482948785874,0.565370843534211,4.18279349723072,2.87948922269531e-05,0.000279577567740703
"TR25830|c0_g1",60.5260653097718,3.76898482061944,0.841009534090014,4.48150070581251,7.41199877963471e-06,8.85229696731456e-05
"TR34044|c4_g4",18.9277697107523,4.54247355986182,1.1276477297176,4.02827358238854,5.61879370454288e-05,0.000489341584689758
"TR6089|c1_g1",10.3874851841808,3.25751123702863,0.701969888670205,4.64052844659701,3.47519330591745e-06,4.65985057381354e-05
"TR19304|c1_g1",4.21282909858225,4.39777441096582,1.06110265325611,4.14453247993562,3.40507693433146e-05,0.000320174483178908
"TR14612|c0_g1",763.86953735301,4.35819269485971,0.42172243093395,10.3342681706734,4.93161943828531e-25,2.57070937427785e-22
"TR37039|c1_g3",394.090072140399,4.90936590726092,0.768243622408976,6.3903763911071,1.65477924617195e-10,7.31523525061277e-09
"TR39096|c0_g1",28.2597823921533,3.88460703878683,1.1236523635482,3.45712532167891,0.000545970881473925,0.00322643774807725
"TR23409|c0_g1",10.0615092911117,3.10794265094169,0.654831263621813,4.74617328707236,2.07301132145481e-06,2.98391516016615e-05
"TR15184|c0_g1",5.43690988256887,3.03579168508992,0.930812743104218,3.26144190394912,0.00110847144260759,0.00572329012907232
"TR2892|c2_g1",98.7501180104848,2.87501041717689,0.742762115014189,3.87070147906233,0.000108522620877161,0.000848280067781141
"TR2490|c0_g1",4.42812787345291,4.28789941728135,1.08032288500815,3.96909060872946,7.21474459184228e-05,0.000602939627363011
"TR13989|c0_g1",418.956250475784,2.77622736084327,0.331277014511007,8.38038028367655,5.27569687766993e-17,8.09835653841592e-15
"TR38966|c7_g1",56.9088941662892,3.65250874614092,0.393054244964269,9.29263274200984,1.50518247283859e-20,3.96433375293625e-18
"TR21740|c4_g1",752.012860541565,2.94619921422705,0.658987240003676,4.47079857602496,7.79280666566508e-06,9.22781900528188e-05
"TR22897|c3_g2",72.695509370659,3.35087121941634,0.542110601700728,6.18115788347225,6.36331361242994e-10,2.42708033378978e-08
"TR35862|c0_g1",8.71186911590423,3.25120436290853,0.850428851548354,3.82301747758105,0.0001318284313656,0.000994416394693598
"TR39112|c0_g1",7.80950672444727,3.8152765614564,1.14973550261208,3.31839501588713,0.00090536349058021,0.00485596996737566
"TR14184|c0_g1",35.0293492791912,6.66405810463041,0.962560914363733,6.92325857531359,4.41371052167105e-12,2.81524730954256e-10
"TR23319|c12_g1",27.9804411093032,3.72524350556159,0.764276050092199,4.87421201424824,1.09243619060806e-06,1.72344551861314e-05
"TR1560|c0_g1",18.7808658320066,2.5717661515315,0.545743263752174,4.71241025285354,2.44803906375437e-06,3.44695472223962e-05
"TR2797|c7_g1",3021.27593883387,4.8276021658672,0.565502210841522,8.5368404814603,1.37941783537487e-17,2.34791929652481e-15
"TR26410|c5_g4",5128.96040747317,2.38577859403684,0.302709852804411,7.88140383252855,3.23723214125668e-15,3.80275987823397e-13
"TR9202|c3_g1",21.4093475770855,2.21160635034722,0.52385287341203,4.22180818813168,2.42350305918051e-05,0.000242166413912762
"TR21698|c12_g2",5302.95777411104,4.50288202784344,0.607862911834144,7.40772621619009,1.284832035456e-13,1.12404833423582e-11
"TR13350|c0_g1",9.11141274471133,4.08339058647655,1.13692829034886,3.5915990666602,0.000328655197889346,0.00212158970753079
"TR36211|c2_g1",2.43594074300808,3.5611372114198,1.12544084093087,3.16421537401676,0.0015550167650818,0.00753302506855987
"TR1671|c0_g1",11.2955959823467,4.10574231352984,1.14129969932884,3.59742696501567,0.000321380696065282,0.00208161180332628
"TR2155|c2_g2",4.55497852340848,4.1222546957756,1.10215766288162,3.74016788577949,0.000183897384091811,0.00131278072677923
"TR25607|c2_g1",148.60584257063,3.38506310589551,0.252984561318436,13.3805125824839,7.86034212793569e-41,1.96673620383079e-37
"TR5109|c5_g1",203.904496946672,4.54512103747578,0.676344290689229,6.72012923010567,1.815634624679e-11,1.00953319875763e-09
"TR11442|c2_g1",24.9238262833991,3.40059486723069,0.880986587734462,3.85998483356669,0.000113394062743433,0.000878400261270417
"TR13756|c0_g1",130.901327326162,2.48526506774533,0.478727237559968,5.19140101660501,2.08717539044953e-07,4.12777966185172e-06
"TR38416|c0_g1",12.9705106505716,5.37114507169603,1.03300883515668,5.19951513375135,1.99809059272844e-07,3.98043190451102e-06
"TR12287|c0_g2",5.76811182152856,3.47361455307989,1.0982858027662,3.1627601343212,0.00156281040465761,0.00756199557821275
"TR36743|c1_g1",8.99413857125881,4.42211747246508,1.11013330910809,3.98341121393602,6.79330585020821e-05,0.000574629160507301
"TR37039|c1_g2",931.946153432561,4.54160187850786,0.657509009899981,6.90728463051589,4.94018127434689e-12,3.12142110266246e-10
"TR32302|c10_g1",13.5438301327709,3.99077955888634,1.11382965506835,3.58293527266648,0.000339754818229403,0.0021798470452093
"TR22391|c1_g1",11.846921323441,4.93767538565058,1.07587738444889,4.58944063424091,4.44435370838734e-06,5.74985388508582e-05
"TR2490|c2_g1",106.084059483602,7.60257122766485,0.845872343336468,8.98784702863932,2.5212062515433e-19,5.21347947271611e-17
"TR34563|c0_g1",4.02079851642115,3.03845746354098,0.987071755729099,3.07825388165082,0.00208217442815939,0.00955227106105172
"TR9039|c1_g1",43.5129769299414,2.33442460967128,0.449682050427521,5.19127816521006,2.08855323604343e-07,4.12777966185172e-06
"TR19908|c3_g1",20544.766808423,6.52191293702924,0.865321726505612,7.5369804516135,4.80978396625351e-14,4.62867710075497e-12
"TR22897|c5_g1",22.3567115748951,3.3961839003657,0.644121979035101,5.27257881411407,1.34520038058314e-07,2.83080392956861e-06
"TR7759|c6_g2",787.283201939087,2.81753908646295,0.396002468769454,7.11495333657446,1.11950706084084e-12,7.99494354791834e-11
"TR9438|c1_g1",20.045236090555,3.29065374017619,0.835182869422044,3.94003979326511,8.14680943463921e-05,0.000664501491535711
"TR35107|c0_g1",23.8630148989959,3.74309821116662,0.732883211164732,5.10735974592448,3.26691416324129e-07,6.08648244813553e-06
"TR1470|c0_g2",156.592919460272,2.16880450150376,0.337431486113964,6.42739219887522,1.29811590752525e-10,5.92573292770911e-09
"TR26452|c0_g1",465.253097746457,3.11639300768413,0.567388141071566,5.49252404500123,3.9622958382994e-08,9.74701357608011e-07
"TR28473|c0_g1",210.565524754225,3.63102550454474,0.970243974904657,3.74238397605257,0.00018228270166872,0.00130274078219167
"TR13733|c2_g2",3307.44383180696,2.8715572042688,0.783858008040647,3.66336399553616,0.000248924412178794,0.00168060920591624
"TR21744|c5_g2",625.729031731729,4.22981912538402,0.884795461049307,4.78056151007798,1.74806263244563e-06,2.58806361694806e-05
"TR36990|c3_g1",7085.97200380524,4.55567409239956,0.802711358225353,5.6753577057528,1.38399146328261e-08,3.82806136018905e-07
"TR6626|c1_g3",120.120351394489,2.43767606590258,0.486074465149893,5.01502596963383,5.30263030556281e-07,9.27811978150259e-06
"TR36367|c1_g1",514.810232209693,2.19910834005971,0.565101866728286,3.89152552758616,9.96159058554442e-05,0.000788014410499232
"TR29829|c0_g1",126.110656346918,2.10421897551627,0.302201421577876,6.96296848813473,3.33176368095752e-12,2.17660728619421e-10
"TR30871|c3_g1",1097.01832830505,2.46413823531593,0.380724603028254,6.47223272600816,9.65652344357166e-11,4.59345766314841e-09
"TR23683|c0_g2",45.7735134524688,2.88612887816567,0.505764947035185,5.70646284422096,1.15348072110428e-08,3.2538039597238e-07
"TR15919|c7_g3",355.332330992271,2.19685453457476,0.362602641195223,6.05857289768605,1.37334506975289e-09,4.81267044681892e-08
"TR9437|c13_g1",412.885414370956,2.02964221814365,0.30534401506399,6.64706730118257,2.98990341284846e-11,1.57495522721856e-09
"TR23922|c14_g1",32.2871942713724,2.53889538698969,0.523887037349822,4.8462649502327,1.25807479887313e-06,1.93798592646961e-05
"TR26592|c2_g1",4.11002016173025,3.50547049065313,1.02859551664225,3.40801649816286,0.000654369381675653,0.00373300873208083
"TR28400|c0_g2",2436.22414916971,4.11893062842231,0.5153981131181,7.99174564979148,1.33041304383537e-15,1.68975963298501e-13
"TR23925|c5_g1",206.643758029828,2.2542849985207,0.375569627896678,6.00230910882088,1.94530904984733e-09,6.54214754519221e-08
"TR32192|c10_g1",140.692736068873,2.42934751771444,0.653405051006323,3.71798092771543,0.000200821427453744,0.00140724963068659
"TR9199|c0_g1",16.5478906485433,3.12077257584943,0.670544004136109,4.65409064371556,3.25413635824517e-06,4.42363026982513e-05
"TR7381|c1_g1",8.6092789039529,5.10512793615216,1.03013518616165,4.95578444919853,7.2039045489317e-07,1.20406743967148e-05
"TR13675|c3_g2",29.3596419922541,2.1644239067209,0.664710136059524,3.25619211939786,0.00112917318464963,0.00581002787616075
"TR21020|c0_g1",6.96455791095051,3.82329319817205,1.14637165086154,3.33512538913423,0.000852609446381796,0.00462958788149282
"TR13217|c1_g1",44.3176862308338,5.95054623372936,0.96750347268607,6.15041330777751,7.72812913419367e-10,2.90338617217207e-08
"TR9480|c9_g1",33.9747208710373,3.30932976482185,0.986353185383025,3.35511641657725,0.00079331591524878,0.00435679488925367
"TR26466|c11_g1",17.7673285538623,5.88464154851298,0.995919155098876,5.90875425819955,3.44704463119846e-09,1.0987070537225e-07
"TR12575|c0_g1",17.6340484632348,2.60259067314373,0.834239546511608,3.11971625419404,0.00181025326427361,0.00851555471927233
"TR13678|c3_g1",14.1119470381666,2.09985930430888,0.612581613067933,3.42788496995912,0.000608303151124696,0.00351834330658599
"TR30792|c2_g1",1237.93315345788,4.99128323048665,0.551635558396072,9.04815353999157,1.45406215605594e-19,3.13638700057549e-17
"TR22304|c0_g1",2677.28407954672,3.98420221806146,0.661159491756595,6.02608336980245,1.67980557346199e-09,5.76548906084944e-08
"TR22314|c0_g2",248.379871201588,2.28119625098477,0.663516389131334,3.43804054933938,0.000585939948550966,0.00341373243572589
"TR27085|c1_g1",566.406662370365,4.09642524584137,0.8154699994043,5.02339172358738,5.07668508489159e-07,8.93903852984324e-06
"TR39307|c0_g1",30.8068918743571,2.34722628116447,0.523211836307809,4.48618727307151,7.25090146594875e-06,8.71099583154236e-05
"TR15718|c11_g1",40.0840918708749,4.87142655622697,1.12525518363882,4.32917495254176,1.49669000214519e-05,0.000161208267514743
"TR14791|c0_g1",3.67091198496668,3.58735864135358,1.14261803862427,3.13959566547086,0.00169181165274034,0.00806301321204114
"TR7723|c12_g3",239.906466972157,2.49560353977038,0.423710760361329,5.88987529521835,3.86487152611671e-09,1.21792129036481e-07
"TR34359|c0_g1",511.257729271982,5.20500650011976,0.81132098236232,6.41547132796241,1.40387836114343e-10,6.30636274222077e-09
"TR20834|c0_g1",2105.76359595786,3.3102345288351,0.456549832973063,7.25054372986795,4.15101827125304e-13,3.17622716100985e-11
"TR27686|c0_g1",5.56379754363683,3.54891729686867,1.157336854801,3.06645146756249,0.00216615970632545,0.00987240109507635
"TR28473|c0_g2",160.465943012626,3.47786556915544,1.00563223902158,3.45838710634335,0.000543419964851025,0.00321439974953605
"TR34307|c2_g1",3.90123819641144,2.97652780664377,0.92329673384497,3.22380411143483,0.00126499900358096,0.00635956199891483
"TR13676|c0_g1",682.717821673924,3.34530795988612,0.624264501729432,5.35879895560045,8.37770174860632e-08,1.87326608982912e-06
"TR17335|c0_g1",83.7799777204782,4.74271870160378,0.865541815602496,5.47947957696581,4.26578681354007e-08,1.03324541976366e-06
"TR27449|c0_g1",66.6489385296021,3.21006345650792,0.856145245751538,3.74943792824555,0.000177231356548212,0.0012728202560829
"TR9272|c8_g1",340.009146711472,2.1587583997043,0.177735297860663,12.1459182598421,6.03017524457735e-34,8.38227859969832e-31
"TR13756|c2_g1",114.046423378205,2.7092746455681,0.451518184956359,6.00036662051598,1.96872509995168e-09,6.61200949340818e-08
"TR13684|c7_g2",645.588762952923,2.46474128915375,0.260719863122055,9.453599966029,3.27373468373788e-21,9.30819494565972e-19
