TR10849|c0_g1
TR22299|c1_g1
TR14190|c0_g3
TR15709|c4_g1
TR22849|c0_g1
TR9463|c4_g4
TR8504|c0_g3
TR17886|c7_g1
TR10983|c1_g1
TR2236|c2_g1
TR29106|c3_g1
TR23295|c1_g1
TR32517|c6_g1
TR23936|c2_g3
TR15080|c0_g2
TR663|c0_g1
TR2417|c0_g1
TR23809|c0_g1
TR39397|c0_g1
TR7940|c0_g2
TR22348|c0_g1
TR33096|c0_g1
TR13689|c0_g2
TR36591|c0_g2
TR6600|c12_g1
TR34467|c0_g1
TR3751|c0_g1
TR14663|c2_g3
TR16137|c0_g1
TR19207|c0_g1
TR25050|c0_g1
TR32322|c0_g2
TR26507|c0_g2
TR36792|c0_g2
TR17457|c0_g1
TR31867|c0_g1
TR23881|c3_g1
TR639|c0_g1
TR23960|c2_g3
TR32148|c6_g1
TR10983|c3_g1
TR24282|c0_g1
TR32512|c0_g4
TR32204|c0_g1
TR37055|c6_g2
TR15295|c1_g1
TR6848|c0_g1
TR38302|c1_g1
TR2826|c0_g2
TR31217|c12_g1
TR21360|c1_g1
TR32176|c5_g3
TR2808|c0_g1
TR21701|c0_g1
TR19854|c1_g1
TR19915|c8_g1
TR38877|c3_g1
TR23303|c0_g1
TR37780|c0_g1
TR23935|c3_g3
TR395|c0_g1
TR6084|c1_g1
TR15300|c2_g1
TR28407|c0_g1
TR10983|c0_g1
TR6361|c0_g2
TR35464|c0_g1
TR10969|c1_g1
TR36437|c0_g1
TR7847|c0_g1
TR23935|c3_g2
TR19904|c2_g1
TR9501|c2_g1
TR11485|c0_g1
TR31217|c3_g1
TR10978|c18_g1
TR9242|c2_g1
TR6724|c2_g2
TR179|c0_g2
TR2462|c0_g1
TR19246|c0_g2
TR35582|c0_g1
TR10184|c4_g2
TR14151|c0_g1
TR9418|c8_g6
TR14197|c0_g2
TR7739|c1_g1
TR18893|c0_g2
TR19553|c0_g2
TR26435|c1_g1
TR23911|c2_g1
TR15708|c2_g1
TR26425|c5_g2
TR2338|c0_g1
TR21732|c1_g1
TR9384|c0_g1
TR7779|c0_g1
TR20539|c0_g1
TR34807|c2_g1
TR9501|c0_g1
TR2409|c0_g1
TR6546|c7_g2
TR10806|c1_g1
TR23896|c4_g1
TR34047|c1_g2
TR6099|c7_g1
TR15140|c0_g1
TR6600|c8_g1
TR34459|c0_g1
TR16891|c0_g1
TR9478|c5_g1
TR9226|c5_g3
TR3884|c0_g4
TR14982|c0_g1
TR21282|c0_g1
TR2759|c10_g1
TR3868|c2_g3
TR22333|c0_g1
TR23693|c0_g2
TR23950|c2_g2
TR8333|c1_g1
TR19560|c0_g1
TR15707|c0_g2
TR7754|c0_g1
TR25264|c0_g2
TR7590|c0_g1
TR846|c1_g1
TR27699|c0_g1
TR9116|c1_g1
TR10164|c0_g5
TR17429|c2_g1
TR32155|c5_g1
TR29853|c1_g2
TR2499|c0_g1
TR6631|c2_g1
TR14004|c2_g1
TR19202|c0_g1
TR6474|c1_g1
TR11928|c0_g1
TR21743|c2_g1
TR2776|c6_g1
TR26314|c0_g1
TR6383|c4_g1
TR15970|c0_g2
TR10122|c8_g3
TR3876|c0_g1
TR32172|c0_g2
TR17896|c2_g2
TR30892|c0_g1
TR23207|c0_g1
TR1887|c0_g1
TR7523|c0_g2
TR7760|c2_g4
TR23391|c8_g1
TR11496|c0_g2
TR2785|c8_g2
TR7941|c1_g2
TR7777|c0_g3
TR27356|c1_g1
TR34772|c3_g1
TR1016|c0_g3
TR29134|c4_g1
TR19246|c0_g1
TR9448|c3_g1
TR19187|c1_g2
TR30858|c1_g1
TR17824|c1_g1
TR30868|c0_g1
TR90|c0_g1
TR2886|c1_g2
TR11037|c1_g1
TR1410|c1_g2
TR13691|c4_g1
TR16464|c0_g1
TR38844|c0_g1
TR21757|c4_g1
TR22048|c0_g2
TR23315|c0_g2
TR11856|c0_g1
TR10828|c0_g1
TR36384|c5_g1
TR7816|c0_g1
TR29200|c4_g7
TR9439|c10_g1
TR20625|c0_g1
TR2836|c1_g1
TR29200|c4_g1
TR6608|c1_g2
TR9472|c1_g3
TR29148|c5_g2
TR15303|c0_g1
TR31302|c11_g1
TR20084|c0_g1
TR2860|c2_g1
TR32171|c0_g2
TR3900|c4_g3
TR36747|c1_g1
TR23371|c1_g1
TR37055|c6_g1
TR25537|c2_g1
TR13691|c1_g1
TR33724|c0_g2
TR30868|c1_g2
TR39109|c0_g1
TR34124|c0_g1
TR38852|c0_g1
TR5080|c5_g5
TR37055|c6_g4
TR9460|c5_g2
TR38102|c0_g1
TR22414|c0_g1
TR19896|c8_g1
TR2161|c4_g3
TR2781|c0_g1
TR6156|c2_g1
TR19894|c5_g1
TR38925|c10_g2
TR7059|c1_g1
TR17945|c4_g2
TR10849|c0_g2
TR36383|c3_g1
TR10221|c0_g2
TR23584|c0_g1
TR29171|c8_g1
TR13993|c0_g2
TR23810|c0_g1
TR22299|c0_g2
TR22326|c3_g1
TR3871|c3_g3
TR33359|c1_g2
TR9970|c1_g2
TR19261|c0_g1
TR9244|c12_g1
TR12559|c0_g1
TR13715|c5_g1
TR31470|c1_g1
TR10178|c6_g1
TR10858|c0_g1
TR27840|c0_g1
TR11048|c4_g2
TR23981|c6_g1
TR34778|c4_g1
TR36434|c3_g1
TR9488|c6_g1
TR32172|c0_g4
TR22272|c0_g1
TR32239|c6_g1
TR7793|c0_g1
TR17966|c29_g1
TR35352|c0_g1
TR38966|c4_g4
TR3229|c0_g4
TR36644|c0_g1
TR1065|c0_g1
TR62|c0_g1
TR8720|c0_g1
TR17822|c4_g1
TR32176|c5_g1
TR11037|c1_g2
TR9412|c6_g1
TR30427|c0_g1
TR7744|c0_g2
TR27119|c0_g1
TR6608|c1_g4
TR7324|c0_g1
TR34785|c0_g2
TR38283|c1_g1
TR5047|c4_g1
TR22269|c0_g1
TR13753|c1_g2
TR7740|c5_g2
TR19591|c0_g1
TR34769|c9_g1
TR23320|c7_g1
TR3227|c0_g1
TR23256|c0_g2
TR6755|c0_g1
TR37021|c7_g1
TR4335|c0_g1
TR37058|c9_g2
TR39352|c0_g2
TR31870|c1_g1
TR13978|c0_g2
TR14129|c0_g2
TR16531|c0_g1
TR19854|c3_g3
TR30858|c10_g2
TR26664|c0_g1
TR2177|c7_g1
TR19881|c4_g1
TR17978|c1_g2
TR6608|c1_g1
TR31224|c3_g1
TR18159|c0_g1
TR7581|c1_g1
TR34070|c0_g1
TR2809|c2_g1
TR36223|c0_g1
TR36381|c2_g2
TR6137|c0_g1
TR34785|c0_g3
TR7759|c9_g1
TR1593|c0_g2
TR27447|c0_g1
TR2839|c0_g2
TR2886|c1_g1
TR21722|c0_g1
TR3887|c3_g1
TR25062|c1_g1
TR32273|c5_g1
TR575|c2_g1
TR37055|c4_g1
TR2775|c3_g1
TR34246|c1_g1
TR6771|c0_g2
TR17399|c0_g1
TR2457|c1_g1
TR7563|c0_g1
TR21716|c6_g1
TR36988|c3_g1
TR17452|c0_g1
TR14598|c0_g1
TR23984|c9_g1
TR32321|c0_g1
TR15698|c2_g1
TR24504|c0_g1
TR34815|c0_g1
TR3872|c2_g1
TR27959|c0_g1
TR38889|c19_g1
TR31463|c0_g2
TR22843|c0_g1
TR17941|c1_g2
TR25537|c4_g1
TR22059|c1_g1
TR6446|c4_g3
TR9970|c1_g1
TR38251|c1_g2
TR37057|c0_g1
TR2785|c1_g2
TR36158|c0_g1
TR10969|c1_g2
TR10205|c8_g1
TR23935|c3_g1
TR2458|c0_g1
TR22853|c3_g2
TR30872|c4_g1
TR6450|c4_g1
TR20181|c0_g1
TR1012|c0_g1
TR6546|c7_g1
TR17858|c3_g1
TR31478|c0_g1
TR30830|c1_g2
TR17932|c1_g1
TR9425|c4_g1
TR34757|c3_g2
TR13970|c0_g1
TR10204|c3_g1
TR10450|c0_g1
TR9472|c1_g4
TR37755|c0_g1
TR8481|c2_g1
TR19864|c0_g1
TR36760|c0_g1
TR23936|c2_g2
TR6724|c3_g1
TR15088|c0_g2
TR2219|c0_g1
TR15252|c0_g2
TR10153|c5_g1
TR17945|c0_g1
TR32309|c1_g1
TR1458|c3_g1
TR32246|c3_g1
TR25537|c1_g1
TR38885|c3_g1
TR32817|c0_g1
TR7954|c2_g1
TR18213|c0_g1
TR18855|c1_g1
TR24860|c0_g1
TR9215|c4_g1
TR27404|c4_g3
TR13725|c10_g1
TR9116|c0_g1
TR7564|c0_g1
TR15982|c1_g2
TR22272|c0_g2
TR2161|c2_g1
TR14174|c0_g1
TR22882|c0_g2
TR3270|c1_g1
TR23870|c2_g1
TR12520|c0_g1
TR34775|c3_g1
TR36554|c0_g1
TR27119|c0_g2
TR6915|c1_g1
TR6549|c7_g1
TR29110|c11_g1
TR35110|c0_g1
TR28712|c0_g3
TR27816|c0_g2
TR9045|c0_g2
TR13607|c0_g2
TR13942|c0_g1
TR32287|c5_g2
TR15919|c5_g1
TR14141|c0_g1
TR31286|c2_g2
TR20816|c0_g1
TR29148|c0_g1
TR1498|c1_g1
TR8527|c2_g2
TR22396|c1_g1
TR8465|c0_g1
TR32158|c1_g2
TR9208|c0_g1
TR37055|c0_g1
TR13691|c6_g5
TR6154|c0_g5
TR15775|c2_g1
TR2887|c0_g1
TR16503|c0_g1
TR999|c0_g1
TR6128|c2_g1
TR17550|c0_g1
TR38966|c4_g2
TR7952|c1_g1
TR21722|c0_g2
TR8495|c0_g3
TR1472|c11_g2
TR17996|c1_g3
TR32138|c1_g1
TR17908|c7_g2
TR13750|c10_g1
TR25062|c1_g2
TR9225|c3_g1
TR8466|c1_g1
TR34130|c4_g2
TR36413|c5_g5
TR14021|c0_g1
TR19187|c3_g1
TR6614|c0_g1
TR27958|c0_g2
TR7348|c0_g1
TR15316|c0_g1
TR23319|c9_g1
TR13223|c0_g2
TR7598|c1_g1
TR12360|c0_g1
TR21897|c0_g1
TR21768|c2_g1
TR7307|c1_g1
TR8484|c0_g1
TR19204|c1_g1
TR23393|c5_g1
TR32528|c1_g1
TR32295|c3_g1
TR9065|c5_g4
TR22302|c0_g1
TR23389|c4_g1
TR9091|c11_g2
TR31879|c1_g2
TR17959|c1_g1
TR7893|c0_g1
TR9906|c1_g1
TR30858|c1_g2
TR17886|c1_g1
TR3938|c5_g2
TR9496|c0_g1
TR13691|c6_g2
TR19222|c1_g1
TR29182|c2_g5
TR36382|c3_g2
TR23915|c0_g1
TR9982|c3_g3
TR34815|c1_g3
TR7759|c4_g1
TR24893|c0_g1
TR16968|c0_g1
TR32552|c0_g1
TR5077|c7_g1
TR6166|c7_g1
TR33588|c1_g2
TR2781|c4_g1
TR36348|c5_g1
TR14919|c0_g1
TR27643|c0_g1
TR23960|c3_g2
TR6811|c0_g1
TR2820|c0_g1
TR7915|c0_g2
TR23914|c0_g2
TR21349|c0_g1
TR10965|c0_g2
TR9244|c12_g2
TR19212|c0_g1
TR201|c0_g1
TR31840|c0_g1
TR12684|c0_g1
TR9187|c2_g1
TR26997|c0_g2
TR24029|c0_g1
TR7568|c0_g2
TR15763|c0_g1
TR15990|c8_g2
TR3015|c0_g1
TR77|c0_g1
TR17945|c4_g1
TR23942|c0_g2
TR19861|c13_g1
TR23942|c2_g3
TR29355|c0_g1
TR18230|c5_g3
TR25142|c0_g2
TR31876|c0_g2
TR17542|c0_g1
TR1815|c0_g1
TR23743|c0_g1
TR12457|c0_g1
TR23873|c3_g1
TR17855|c9_g2
TR2886|c0_g1
TR31861|c0_g2
TR37019|c3_g1
TR31865|c0_g1
TR11485|c0_g3
TR8229|c0_g1
TR21780|c0_g1
TR25575|c1_g1
TR2860|c1_g3
TR19818|c0_g1
TR11672|c0_g2
TR9484|c17_g1
TR27238|c0_g1
TR7032|c0_g1
TR36982|c0_g2
TR20969|c0_g1
TR24050|c3_g1
TR18149|c0_g1
TR2828|c1_g1
TR39424|c0_g1
TR2323|c1_g1
TR13671|c12_g1
TR7418|c0_g1
TR23936|c2_g5
TR30802|c0_g3
TR13149|c0_g1
TR3019|c0_g1
TR25346|c0_g1
TR6409|c11_g1
TR13987|c1_g1
TR21367|c0_g2
TR13753|c1_g1
TR20165|c0_g1
TR7737|c5_g1
TR39415|c0_g1
TR9266|c5_g4
TR14957|c0_g4
TR36344|c0_g1
TR3900|c4_g2
TR32215|c6_g1
TR5048|c6_g1
TR32181|c15_g1
TR36222|c22_g1
TR36366|c4_g1
TR9472|c1_g5
TR34056|c5_g1
TR29110|c15_g1
TR28407|c2_g1
TR15298|c0_g2
TR13607|c0_g1
TR29123|c5_g1
TR17856|c0_g1
TR29103|c0_g1
TR17388|c0_g3
TR7800|c6_g2
TR17951|c1_g1
TR6451|c0_g1
TR29200|c4_g4
TR9078|c7_g1
TR23981|c6_g2
TR7942|c4_g1
TR15740|c1_g1
TR7706|c8_g1
TR32151|c11_g1
TR3946|c1_g1
TR29859|c0_g1
TR38152|c0_g1
TR26507|c0_g1
TR21356|c0_g1
TR9061|c9_g1
TR7952|c1_g2
TR21808|c0_g1
TR7790|c4_g1
TR21369|c0_g1
TR24385|c0_g1
TR23289|c1_g1
TR9120|c6_g2
TR21367|c2_g1
TR3270|c0_g1
TR18010|c0_g3
TR6481|c5_g1
TR21777|c0_g1
TR31883|c1_g1
TR29132|c9_g1
TR15998|c0_g2
TR9061|c10_g2
TR23864|c5_g1
TR39532|c0_g1
TR8295|c3_g1
TR32172|c1_g1
TR6560|c2_g4
TR9223|c0_g2
TR23368|c2_g1
TR31217|c9_g1
TR30853|c2_g3
TR32165|c2_g3
TR1429|c0_g1
TR5112|c0_g1
TR13336|c0_g1
TR24896|c0_g1
TR19239|c0_g1
TR30853|c2_g2
TR9258|c1_g2
TR23902|c6_g3
TR38968|c0_g2
TR27822|c1_g1
TR34332|c1_g1
TR14029|c0_g1
TR32472|c0_g1
TR3915|c1_g3
TR14610|c0_g1
TR28574|c0_g1
TR17979|c0_g1
TR25571|c3_g2
TR9930|c13_g1
TR28333|c0_g1
TR6450|c6_g1
TR36372|c5_g1
TR32594|c0_g2
TR7883|c2_g1
TR8278|c0_g1
TR23855|c4_g2
TR6607|c4_g1
TR36671|c0_g1
TR10164|c0_g3
TR7740|c5_g1
TR15751|c0_g1
TR6635|c5_g1
TR31879|c1_g3
TR3912|c2_g2
TR27029|c1_g1
TR29182|c2_g1
TR38119|c0_g1
TR21143|c0_g1
TR24581|c0_g1
TR643|c1_g3
TR21772|c2_g2
TR36435|c7_g7
TR12166|c0_g1
TR10450|c1_g1
TR10122|c8_g1
TR8493|c1_g1
TR34829|c3_g3
TR17992|c0_g2
TR36411|c9_g1
TR9915|c0_g1
TR36434|c3_g5
TR9982|c0_g3
TR21711|c1_g2
TR30839|c8_g3
TR6396|c1_g1
TR6765|c0_g1
TR36593|c1_g1
TR7942|c3_g1
TR15750|c0_g1
TR14037|c0_g1
TR13568|c0_g2
TR8520|c3_g2
TR24895|c0_g1
TR36404|c5_g1
TR10896|c0_g1
TR34831|c8_g4
TR11287|c0_g2
TR27643|c3_g1
TR19187|c1_g1
TR23915|c0_g4
TR19257|c0_g1
TR15758|c0_g1
TR6106|c2_g1
TR26605|c0_g1
TR32556|c1_g1
TR7816|c0_g2
TR38297|c0_g2
TR12382|c0_g1
TR19243|c1_g1
TR36413|c5_g2
TR21713|c1_g2
TR38927|c5_g1
TR23380|c2_g1
TR1429|c0_g2
TR23889|c16_g1
TR9061|c11_g1
TR32208|c3_g2
TR21722|c25_g1
TR38862|c0_g2
TR23324|c0_g1
TR17848|c11_g1
TR8329|c0_g1
TR33358|c0_g1
TR27404|c1_g1
TR14232|c0_g1
TR2237|c1_g1
TR13715|c5_g3
TR9549|c0_g1
TR17896|c3_g4
TR10196|c3_g2
TR23889|c1_g1
TR21780|c1_g4
TR18825|c0_g3
TR13691|c3_g1
TR9476|c5_g1
TR18529|c0_g1
TR32530|c0_g3
TR37342|c0_g1
TR7760|c2_g3
TR23942|c1_g1
TR17978|c1_g1
TR31873|c0_g1
TR8505|c10_g1
TR39392|c0_g1
TR1405|c6_g1
TR9179|c3_g1
TR15981|c6_g1
TR23350|c0_g2
TR32279|c6_g2
TR27849|c0_g1
TR32611|c0_g1
TR9448|c6_g1
TR20631|c0_g1
TR19267|c0_g2
TR15763|c0_g2
TR1484|c6_g2
TR32287|c3_g1
TR31845|c3_g2
TR15702|c0_g3
TR23235|c0_g1
TR9384|c0_g2
TR17477|c0_g1
TR6151|c6_g1
TR6140|c6_g2
TR29192|c3_g1
TR11184|c0_g2
TR6802|c0_g1
TR17819|c9_g2
TR6352|c0_g2
TR6450|c6_g2
TR22269|c0_g3
TR9998|c0_g1
TR6387|c8_g1
TR36437|c0_g3
TR27404|c2_g1
TR7804|c0_g1
TR17966|c10_g1
TR2229|c2_g1
TR15998|c0_g1
TR651|c0_g2
TR22274|c0_g1
TR8460|c2_g1
TR3884|c0_g2
TR2337|c0_g1
TR5089|c2_g1
TR14124|c0_g1
TR17384|c0_g1
TR6130|c2_g2
TR15250|c4_g2
TR594|c0_g1
TR5043|c10_g1
TR22901|c0_g1
TR6415|c8_g2
TR14630|c0_g1
TR6729|c2_g1
TR38327|c1_g1
TR32314|c8_g1
TR3909|c5_g4
TR9496|c7_g1
TR32171|c0_g1
TR37049|c0_g2
TR1401|c4_g2
TR15254|c1_g1
TR10965|c0_g3
TR38204|c0_g1
TR34459|c0_g2
TR10331|c0_g1
TR2215|c11_g3
TR23966|c2_g3
TR31257|c3_g1
TR14154|c0_g1
TR2219|c0_g2
TR37037|c6_g1
TR179|c0_g1
TR29292|c0_g1
TR26404|c2_g1
TR18183|c0_g1
TR32264|c1_g1
TR36348|c5_g3
TR27434|c0_g1
TR34047|c0_g1
TR21733|c4_g1
TR3903|c7_g1
TR27436|c0_g1
TR15901|c0_g3
TR33028|c0_g2
TR17958|c2_g2
TR15254|c1_g2
TR4070|c0_g1
TR32181|c7_g1
TR14914|c0_g1
TR22336|c2_g1
TR22866|c0_g1
TR21780|c1_g1
TR13689|c0_g3
TR30839|c8_g2
TR39503|c0_g3
TR16000|c5_g1
TR32595|c0_g2
TR31330|c1_g1
TR34815|c0_g2
TR12996|c0_g1
TR3273|c0_g2
TR38849|c0_g1
TR27849|c0_g2
TR32279|c6_g1
TR27162|c0_g1
TR17571|c0_g1
TR36383|c3_g2
TR2195|c1_g3
TR6114|c0_g4
TR38971|c6_g6
TR14663|c1_g2
TR9596|c0_g2
TR38968|c0_g4
TR23994|c2_g3
TR2775|c3_g2
TR30803|c4_g1
TR9045|c0_g1
TR7563|c0_g2
TR36970|c2_g1
TR7894|c1_g1
TR32137|c6_g1
TR23721|c1_g1
TR26459|c0_g2
TR23287|c0_g2
TR35247|c0_g2
TR32224|c6_g2
TR36348|c5_g2
TR18939|c0_g1
TR13981|c0_g1
TR14941|c1_g1
TR27039|c0_g1
TR13211|c0_g2
TR6614|c2_g4
TR6748|c0_g1
TR2204|c1_g2
TR32174|c0_g3
TR30792|c9_g1
TR653|c0_g1
TR51|c0_g1
TR34041|c5_g1
TR22311|c3_g3
TR19896|c10_g2
TR2213|c0_g4
TR22431|c0_g2
TR7581|c2_g2
TR9423|c5_g1
TR23960|c2_g1
TR32258|c4_g1
TR2375|c0_g1
TR10966|c0_g7
TR22834|c2_g2
TR9502|c0_g2
TR31899|c4_g1
TR5040|c0_g1
TR17844|c4_g2
TR19237|c0_g1
TR26459|c0_g1
TR36348|c2_g1
TR14927|c3_g4
TR31260|c1_g1
TR26383|c11_g1
TR11023|c1_g3
TR6117|c0_g2
TR19834|c0_g1
TR18211|c13_g1
TR14101|c0_g1
TR17966|c6_g1
TR16581|c0_g2
TR7547|c0_g2
TR10113|c7_g1
TR2769|c1_g1
TR28356|c0_g1
TR30841|c9_g1
TR29645|c0_g1
TR29124|c4_g2
TR3942|c4_g1
TR18230|c5_g2
TR13568|c0_g1
TR4043|c0_g1
TR29135|c0_g1
TR18149|c0_g2
TR18839|c0_g1
TR231|c0_g1
TR29148|c0_g2
TR35533|c0_g1
TR9047|c4_g1
TR39381|c0_g1
TR3947|c3_g6
TR8273|c0_g1
TR4293|c0_g2
TR4188|c0_g2
TR9403|c2_g2
TR15303|c2_g1
TR25216|c0_g1
TR595|c0_g1
TR9440|c0_g1
TR9205|c1_g2
TR17175|c0_g1
TR14957|c0_g3
TR25964|c0_g1
TR36217|c0_g1
TR30853|c2_g1
TR20148|c0_g1
TR20533|c0_g1
TR15250|c3_g1
TR6402|c0_g2
TR27536|c0_g1
TR2228|c5_g1
TR24896|c1_g1
TR21329|c0_g1
TR9472|c1_g2
TR10817|c0_g1
TR14197|c1_g1
TR24296|c0_g1
TR9116|c2_g1
TR2756|c0_g1
TR23878|c2_g4
TR25894|c0_g1
TR6114|c0_g2
TR8513|c5_g1
TR36760|c0_g2
TR7960|c0_g2
TR3908|c1_g1
TR9249|c1_g1
TR2188|c0_g1
TR7024|c0_g2
TR15902|c8_g1
TR30435|c0_g1
TR38966|c4_g1
TR29132|c9_g2
TR21358|c1_g1
TR23327|c10_g1
TR23910|c12_g2
TR8500|c2_g2
TR34116|c1_g1
TR20094|c0_g1
TR6608|c0_g1
TR9596|c0_g1
TR36665|c0_g1
TR26464|c5_g1
TR29861|c0_g2
TR34831|c8_g1
TR30841|c0_g2
TR32221|c2_g1
TR33724|c0_g1
TR13221|c1_g1
TR9235|c0_g2
TR6140|c6_g1
TR6119|c9_g1
TR1939|c0_g1
TR7071|c0_g1
TR34467|c0_g2
TR38300|c0_g1
TR9205|c5_g1
TR7954|c2_g2
TR23864|c4_g1
TR15918|c7_g1
TR2233|c1_g1
TR17846|c3_g1
TR32272|c5_g1
TR6078|c4_g2
TR36148|c0_g1
TR9403|c2_g3
TR14957|c0_g1
TR30839|c16_g1
TR9938|c0_g1
TR10154|c5_g1
TR23917|c0_g1
TR5084|c4_g2
TR32236|c12_g2
TR34769|c9_g2
TR6768|c2_g1
TR8506|c1_g1
TR29114|c1_g1
TR9485|c4_g3
TR31254|c9_g1
TR32272|c8_g2
TR10126|c3_g2
TR34094|c0_g3
TR39379|c0_g1
TR2776|c6_g2
TR38886|c10_g1
TR38844|c1_g1
TR22311|c2_g2
TR9499|c7_g1
TR21705|c1_g2
TR13691|c6_g3
TR17956|c1_g1
TR34113|c5_g1
TR28931|c0_g1
TR9465|c11_g1
TR36528|c1_g1
TR30868|c0_g2
TR17907|c0_g1
TR10164|c0_g2
TR5077|c6_g1
TR30839|c13_g1
TR14032|c1_g1
TR7918|c0_g1
TR7739|c2_g10
TR3275|c0_g1
TR32337|c0_g1
TR8538|c4_g2
TR36368|c3_g1
TR23392|c0_g1
TR29167|c4_g1
TR24867|c1_g1
TR3926|c2_g2
TR10179|c8_g2
TR21367|c1_g1
TR19872|c1_g1
TR16120|c0_g1
TR1410|c1_g1
TR9064|c0_g2
TR29156|c0_g1
TR23931|c14_g1
TR22045|c0_g1
TR20859|c0_g1
TR19895|c3_g2
TR14986|c1_g1
TR14032|c0_g1
TR29582|c0_g1
TR32528|c10_g1
TR36613|c0_g1
TR36197|c0_g1
TR1596|c1_g1
TR31217|c8_g1
TR18208|c0_g1
TR37064|c9_g1
TR9086|c5_g1
TR9982|c1_g1
TR9045|c3_g1
TR36426|c2_g3
TR6607|c4_g6
TR7904|c0_g1
TR19680|c0_g1
TR16101|c2_g1
TR31224|c2_g1
TR617|c0_g2
TR9187|c3_g2
TR24845|c0_g1
TR8454|c0_g2
TR23994|c0_g1
TR34927|c0_g1
TR32996|c1_g1
TR1415|c2_g3
TR6465|c7_g1
TR15990|c8_g1
TR29201|c9_g1
TR37054|c6_g1
TR3946|c1_g4
TR23913|c5_g1
TR38971|c4_g2
TR5047|c8_g2
TR10966|c1_g1
TR26875|c0_g1
TR7961|c0_g1
TR17490|c0_g1
TR35552|c0_g1
TR1458|c5_g1
TR14703|c0_g1
TR19279|c0_g2
TR23960|c3_g3
TR18232|c10_g1
TR14123|c0_g1
TR10122|c1_g1
TR27417|c0_g1
TR9249|c6_g2
TR31468|c0_g1
TR16040|c0_g1
TR21713|c0_g3
TR6738|c0_g1
TR16113|c0_g1
TR36382|c3_g1
TR14981|c0_g1
TR17914|c0_g1
TR31856|c0_g1
TR24017|c12_g2
TR136|c0_g1
TR9463|c4_g3
TR23914|c0_g3
TR22344|c1_g1
TR30802|c0_g1
TR11040|c3_g1
TR24857|c0_g2
TR32543|c0_g1
TR7752|c8_g2
TR25964|c1_g1
TR6567|c4_g1
TR26377|c1_g2
TR14663|c2_g2
TR31217|c10_g1
TR6154|c1_g1
TR5361|c0_g1
TR30839|c8_g1
TR14627|c0_g1
TR8505|c10_g3
TR15913|c3_g1
TR38199|c0_g1
TR21363|c0_g1
TR6600|c7_g3
TR29120|c2_g2
TR1434|c2_g1
TR6393|c5_g2
TR6801|c0_g1
TR11458|c0_g1
TR29636|c0_g1
TR6456|c6_g1
TR19187|c0_g2
TR35258|c0_g1
TR23882|c7_g1
TR22843|c1_g1
TR19267|c0_g1
TR21908|c0_g1
TR27393|c1_g1
TR13227|c0_g2
TR7054|c0_g1
TR15252|c0_g1
TR11477|c0_g2
TR30803|c8_g1
TR997|c0_g1
TR15377|c0_g1
TR19885|c7_g1
TR6875|c0_g1
TR1489|c8_g2
TR38301|c0_g1
TR7883|c2_g2
TR15269|c5_g2
TR9485|c5_g1
TR2539|c0_g3
TR7341|c1_g1
TR24917|c1_g1
TR2828|c2_g1
TR17892|c0_g2
TR15901|c0_g1
TR18209|c0_g1
TR21289|c1_g2
TR27445|c0_g1
TR15937|c11_g1
TR16056|c0_g1
TR29127|c8_g1
TR13691|c6_g1
TR10128|c6_g1
TR24006|c0_g2
TR2777|c5_g5
TR7940|c0_g1
TR11909|c0_g1
TR23993|c2_g1
TR24044|c5_g1
TR262|c0_g2
TR18213|c0_g2
TR19684|c0_g1
TR32496|c1_g1
TR8541|c0_g5
TR34844|c0_g1
TR6147|c6_g1
TR3884|c0_g1
TR37202|c0_g1
TR33588|c0_g2
TR14004|c2_g2
TR9267|c3_g2
TR27996|c0_g1
TR2233|c3_g2
TR30858|c5_g1
TR15978|c5_g2
TR23883|c9_g1
TR32174|c0_g1
TR31246|c0_g1
TR11039|c19_g1
TR17542|c0_g2
TR16756|c0_g1
TR24006|c0_g1
TR38922|c4_g2
TR31441|c0_g1
TR9541|c0_g1
TR13993|c0_g1
TR21780|c1_g3
TR11184|c0_g1
TR15948|c1_g1
TR10896|c1_g1
TR37058|c9_g1
TR31923|c11_g1
TR2726|c0_g1
TR39135|c0_g1
TR9448|c9_g1
TR36625|c0_g1
TR26432|c1_g2
TR2839|c0_g3
TR13981|c0_g2
TR15902|c6_g1
TR32321|c0_g2
TR57|c0_g1
TR17947|c2_g1
TR9485|c8_g2
TR2204|c1_g3
TR26423|c10_g1
TR14927|c3_g2
TR13732|c18_g1
TR23229|c0_g1
TR15901|c1_g1
TR8269|c0_g2
TR6614|c2_g2
TR35503|c1_g1
TR38968|c0_g3
TR6383|c5_g1
TR6137|c0_g2
TR6987|c0_g2
TR32337|c0_g2
TR15250|c4_g3
TR19541|c0_g1
TR7325|c0_g1
TR10113|c9_g1
TR15131|c0_g2
TR2781|c5_g1
TR16056|c0_g2
TR15909|c2_g1
TR30812|c10_g1
TR32182|c4_g2
TR37055|c5_g1
TR16346|c0_g1
TR17958|c4_g1
TR14957|c0_g2
TR5776|c0_g2
TR2840|c0_g1
TR29110|c6_g1
TR19682|c0_g1
TR32260|c1_g3
TR6169|c2_g1
TR17405|c0_g1
TR36368|c1_g2
TR19207|c0_g2
TR9974|c1_g1
TR9440|c2_g1
TR31240|c1_g1
TR9061|c7_g3
TR33832|c0_g1
TR39045|c0_g1
TR3946|c1_g3
TR8254|c0_g2
TR38966|c8_g1
TR34804|c1_g2
TR17875|c1_g1
TR36226|c0_g1
TR31835|c1_g1
TR19808|c0_g1
TR22860|c1_g1
TR9412|c6_g2
TR17407|c0_g1
TR6623|c3_g1
TR5089|c3_g1
TR31253|c13_g1
TR19553|c0_g1
TR19560|c0_g2
TR23999|c0_g1
TR15767|c0_g1
TR32653|c2_g1
TR7365|c2_g1
TR6412|c1_g1
TR15970|c0_g1
TR22339|c0_g1
TR13725|c3_g1
TR9488|c4_g1
TR34772|c2_g1
TR13715|c5_g2
TR7324|c2_g1
TR29112|c1_g1
TR2199|c5_g1
TR8496|c9_g2
TR1451|c0_g1
TR9458|c3_g2
TR35965|c0_g1
TR24396|c0_g1
TR15303|c2_g2
TR6995|c0_g2
TR31509|c0_g1
TR14616|c0_g1
TR2796|c2_g1
TR39280|c0_g1
TR6581|c2_g2
TR24054|c8_g2
TR9488|c12_g1
TR9476|c4_g1
TR21771|c2_g1
TR14201|c1_g1
TR38966|c4_g5
TR19752|c0_g1
TR15970|c0_g4
TR18845|c0_g2
TR29105|c9_g1
TR6608|c1_g3
TR22269|c0_g2
TR34629|c0_g1
TR20148|c1_g1
TR38934|c9_g1
TR218|c0_g2
TR31838|c0_g1
TR33671|c0_g1
TR23915|c0_g2
TR29141|c2_g3
TR30858|c8_g1
TR9116|c2_g2
TR31217|c2_g1
TR14197|c0_g1
TR19854|c2_g1
TR32502|c6_g1
TR22025|c0_g1
TR3231|c2_g1
TR6446|c4_g1
TR6402|c0_g1
TR15243|c6_g1
TR7946|c0_g1
TR22332|c1_g1
TR6594|c10_g2
TR23923|c4_g1
TR6361|c0_g1
TR22872|c0_g2
TR32142|c0_g1
TR3887|c3_g4
TR5057|c0_g2
TR25537|c3_g1
TR18167|c4_g1
TR17886|c10_g1
TR2828|c2_g2
TR36671|c0_g2
TR22272|c3_g1
TR38293|c4_g1
TR38293|c2_g2
TR29861|c2_g1
TR15308|c5_g1
TR26666|c0_g1
TR3238|c0_g1
TR34086|c1_g1
TR14415|c0_g1
TR9252|c10_g1
TR19201|c1_g1
TR32318|c0_g2
TR13515|c0_g1
TR38934|c11_g1
TR15978|c6_g1
TR18149|c0_g3
TR15982|c1_g3
TR32955|c0_g1
TR22035|c0_g1
TR36368|c2_g2
TR26456|c4_g1
TR9593|c0_g1
TR3880|c2_g2
TR14626|c0_g1
TR23982|c0_g2
TR2759|c10_g2
TR6607|c4_g4
TR1057|c0_g1
TR12947|c0_g1
TR14927|c3_g3
TR24311|c0_g1
TR29192|c1_g1
TR17846|c3_g2
TR38966|c1_g1
TR3221|c0_g2
TR13227|c0_g3
TR17893|c0_g1
TR38491|c0_g1
TR4293|c0_g1
TR15303|c0_g2
TR9896|c13_g1
TR3946|c1_g2
TR15914|c1_g1
TR9094|c2_g1
TR36375|c5_g1
TR10613|c0_g1
TR13149|c0_g2
TR10794|c1_g1
TR34131|c2_g1
TR36554|c0_g2
TR9472|c1_g1
TR15080|c0_g1
TR2346|c0_g1
TR7725|c4_g1
TR23960|c1_g1
TR6415|c8_g1
TR31468|c0_g2
TR31221|c5_g1
TR15724|c1_g1
TR13725|c2_g4
TR15275|c4_g1
TR3914|c6_g2
TR22332|c2_g1
TR25972|c0_g2
TR9192|c1_g1
TR8148|c0_g1
TR38948|c7_g1
TR39109|c0_g2
TR36368|c0_g1
TR6456|c2_g1
TR23984|c1_g2
TR26997|c0_g1
TR13753|c1_g5
TR3926|c2_g4
TR8483|c1_g1
TR15897|c0_g1
TR19667|c0_g1
TR39337|c0_g1
TR39503|c0_g2
TR14133|c0_g1
TR36222|c5_g1
TR29200|c4_g5
TR6461|c9_g1
TR6478|c3_g1
TR6614|c2_g1
TR18876|c0_g2
TR36208|c1_g1
TR14105|c0_g1
TR38917|c5_g2
TR17925|c0_g2
TR2195|c2_g1
TR6449|c1_g1
TR5074|c4_g1
TR9904|c3_g1
TR8548|c7_g3
TR14989|c0_g1
TR7580|c0_g1
TR9061|c4_g1
TR3247|c0_g1
TR33588|c0_g1
TR32189|c4_g1
TR10963|c3_g2
TR34295|c0_g2
TR14609|c0_g1
TR17958|c2_g3
TR32284|c10_g1
TR29118|c8_g1
TR14559|c3_g1
TR21748|c6_g1
TR31932|c1_g2
TR37768|c1_g1
TR9244|c0_g2
TR7961|c1_g1
TR26471|c7_g1
TR10122|c14_g1
TR12913|c0_g1
TR23864|c3_g2
TR14183|c0_g1
TR36732|c0_g1
TR10148|c5_g3
TR34133|c0_g1
TR23389|c5_g3
TR9042|c1_g1
TR34829|c3_g2
TR13489|c0_g1
TR6492|c0_g1
TR9485|c4_g2
TR32685|c0_g2
TR23308|c0_g1
TR15901|c1_g3
TR17399|c1_g2
TR23966|c4_g1
TR22381|c0_g2
TR7871|c0_g1
TR22682|c0_g1
TR2342|c0_g1
TR29861|c2_g2
TR36202|c0_g1
TR32158|c0_g2
TR18206|c6_g1
TR10114|c4_g2
TR6169|c2_g2
TR19195|c1_g1
TR24701|c0_g1
TR24848|c1_g2
TR5302|c0_g2
TR7800|c6_g1
TR25537|c4_g2
TR15242|c1_g2
TR32641|c0_g1
TR6845|c0_g1
TR36372|c6_g2
TR15950|c8_g1
TR3206|c1_g1
TR2875|c1_g1
TR856|c0_g1
TR39503|c0_g1
TR631|c1_g1
TR11111|c0_g1
TR26408|c6_g1
TR24936|c0_g1
TR23960|c3_g1
TR38290|c2_g1
TR7062|c0_g1
TR6154|c1_g2
TR17439|c0_g2
TR6112|c9_g3
TR38912|c3_g2
TR218|c0_g1
TR2839|c0_g1
TR17822|c4_g2
TR27363|c1_g2
TR5047|c9_g1
TR25550|c0_g1
TR6352|c0_g1
TR22333|c0_g2
TR32653|c1_g1
TR36375|c8_g1
TR29106|c3_g2
TR3886|c2_g3
TR6387|c11_g1
TR10810|c0_g1
TR32595|c0_g1
TR7792|c3_g1
TR23917|c1_g3
TR29114|c2_g3
TR23936|c2_g4
TR25986|c0_g1
TR29114|c2_g1
TR13608|c0_g1
TR32272|c1_g2
TR36338|c8_g1
TR3868|c2_g1
TR18006|c0_g1
TR17392|c0_g1
TR32182|c4_g1
TR6460|c8_g1
TR34094|c0_g2
TR30779|c1_g1
TR15901|c0_g2
TR35093|c0_g1
TR9476|c4_g2
TR19217|c0_g1
TR10166|c8_g1
TR6467|c3_g2
TR26420|c1_g2
TR3915|c1_g1
TR30862|c11_g1
TR38443|c1_g1
TR6793|c1_g2
TR14991|c0_g1
TR2736|c1_g1
TR1462|c4_g1
TR34077|c3_g1
TR29185|c0_g1
TR7885|c1_g1
TR33569|c2_g1
TR22374|c1_g1
TR18221|c0_g3
TR35258|c1_g1
TR37018|c2_g1
TR37042|c10_g1
TR5106|c0_g2
TR30830|c1_g1
TR23323|c7_g1
TR38338|c0_g1
TR36190|c2_g1
TR17934|c0_g1
TR33516|c0_g1
TR20592|c0_g1
TR26377|c2_g1
TR9238|c1_g1
TR7961|c1_g2
TR23270|c1_g1
TR21736|c8_g1
TR15750|c0_g2
TR31923|c12_g1
TR31923|c14_g1
TR29910|c2_g1
TR10160|c23_g1
TR39099|c0_g1
TR14963|c0_g2
TR7897|c0_g1
TR9904|c1_g1
TR32221|c3_g1
TR27073|c0_g1
TR2201|c9_g1
TR2855|c0_g1
TR17951|c3_g1
TR23917|c1_g1
TR23906|c3_g1
TR9267|c4_g3
TR32144|c5_g3
TR8532|c3_g1
TR30804|c3_g1
TR38322|c0_g2
TR16370|c0_g1
TR6169|c4_g1
TR28031|c1_g1
TR2175|c7_g3
TR6480|c1_g2
TR2761|c5_g2
TR21705|c1_g1
TR34762|c9_g2
TR38315|c0_g2
TR7216|c0_g1
TR17834|c1_g2
TR6607|c5_g1
TR6607|c4_g7
TR37055|c6_g6
TR2156|c0_g2
TR22901|c0_g2
TR617|c0_g1
TR10896|c2_g1
TR1471|c10_g1
TR22302|c0_g2
TR27852|c0_g1
TR15959|c10_g1
TR2154|c0_g1
TR37812|c0_g1
TR9051|c13_g1
TR13675|c3_g4
TR2156|c0_g3
TR21351|c0_g1
TR30833|c1_g1
TR507|c0_g1
TR9433|c0_g1
TR36732|c1_g1
TR23984|c1_g1
TR9223|c4_g1
TR9469|c4_g1
TR29190|c0_g2
TR8320|c0_g1
TR17892|c0_g1
TR25927|c0_g1
TR7909|c1_g1
TR5077|c9_g1
TR6056|c0_g1
TR17844|c6_g1
TR38966|c2_g1
TR3286|c0_g1
TR22834|c1_g1
TR15301|c0_g1
TR9208|c0_g2
TR7782|c2_g1
TR32239|c4_g2
TR15860|c0_g1
TR9187|c3_g3
TR7581|c3_g1
TR34049|c4_g3
TR26425|c5_g1
TR2204|c1_g1
TR32585|c0_g1
TR27958|c1_g2
TR9093|c1_g2
TR39085|c0_g1
TR32182|c4_g3
TR14177|c0_g1
TR21771|c0_g1
TR22265|c4_g1
TR31256|c1_g1
TR31926|c0_g1
TR29666|c0_g1
TR32216|c1_g2
TR23077|c0_g1
TR31204|c2_g2
TR23902|c6_g2
TR17946|c0_g1
TR30825|c9_g1
TR9485|c8_g1
TR38293|c1_g1
TR19690|c0_g1
TR3286|c0_g2
TR622|c0_g1
TR36143|c0_g1
TR1767|c3_g1
TR30836|c9_g1
TR29190|c0_g3
TR17853|c0_g1
TR32615|c0_g1
TR6745|c0_g1
TR32475|c5_g1
TR26265|c0_g1
TR18878|c0_g1
TR6459|c4_g1
TR5814|c0_g1
TR9249|c2_g1
TR588|c0_g1
TR2195|c1_g1
TR11676|c0_g1
TR27427|c0_g1
TR14978|c0_g1
TR9238|c1_g3
TR33940|c0_g1
TR22272|c4_g1
TR20551|c0_g1
TR14978|c0_g2
TR1446|c3_g2
TR10166|c8_g2
TR31470|c1_g2
TR9976|c0_g1
TR23923|c6_g1
TR25546|c7_g1
TR19187|c6_g1
TR23357|c1_g1
TR17852|c8_g2
TR6810|c2_g1
TR7960|c0_g3
TR32201|c7_g1
TR14189|c0_g1
TR22334|c1_g1
TR31270|c0_g1
TR15227|c2_g1
TR26429|c1_g1
TR2224|c0_g2
TR23999|c0_g2
TR1465|c1_g1
TR17384|c0_g2
TR15918|c5_g1
TR32475|c3_g1
TR23855|c4_g1
TR6467|c3_g1
TR32318|c1_g1
TR30590|c0_g1
TR8465|c0_g2
TR24016|c3_g1
TR36384|c3_g2
TR23982|c0_g3
TR14939|c0_g1
TR7758|c1_g1
TR23708|c4_g1
TR15252|c12_g1
TR32287|c5_g1
TR18845|c1_g1
TR37741|c0_g1
TR6546|c7_g3
TR27300|c0_g1
TR9484|c13_g1
TR2812|c4_g1
TR22272|c2_g1
TR22385|c2_g1
TR37768|c0_g1
TR23950|c2_g3
TR18825|c0_g2
TR31512|c0_g1
TR31898|c0_g1
TR25940|c0_g3
TR25842|c0_g1
TR6430|c3_g1
TR994|c0_g1
TR11037|c1_g3
TR7782|c1_g2
TR27770|c0_g1
TR15251|c3_g2
TR15257|c3_g1
TR5776|c0_g1
TR10114|c3_g1
TR24878|c1_g1
TR2539|c0_g1
TR34782|c1_g3
TR36177|c0_g1
TR6154|c0_g2
TR27394|c1_g1
TR2163|c8_g1
TR10900|c0_g1
TR17442|c0_g3
TR13681|c14_g1
TR34130|c3_g1
TR29907|c0_g1
TR32381|c0_g1
TR18221|c0_g4
TR7913|c0_g1
TR18232|c17_g1
TR15911|c1_g1
TR2228|c4_g1
TR27051|c0_g1
TR22056|c1_g1
TR23365|c1_g1
TR29127|c2_g1
TR26420|c1_g3
TR29182|c2_g3
TR23359|c0_g2
TR7917|c1_g1
TR8254|c0_g1
TR9061|c10_g1
TR1049|c1_g1
TR38443|c0_g1
TR3938|c5_g1
TR13211|c0_g1
TR9035|c2_g1
TR9982|c3_g4
TR9258|c1_g3
TR19285|c0_g1
TR31246|c0_g2
TR2734|c0_g1
TR25111|c0_g1
TR6567|c4_g3
TR2236|c12_g1
TR34289|c0_g1
TR12360|c0_g2
TR1972|c0_g1
TR9463|c4_g2
TR4157|c0_g1
TR2219|c0_g3
TR32556|c1_g2
TR13143|c0_g1
TR22953|c1_g1
TR9187|c6_g1
TR1445|c7_g4
TR10179|c8_g1
TR23935|c2_g1
TR9045|c1_g3
TR9458|c3_g1
TR6106|c1_g2
TR6989|c0_g2
TR3275|c0_g2
TR13736|c14_g1
TR27404|c3_g1
TR19818|c0_g2
TR31260|c0_g1
TR32545|c3_g1
TR3262|c2_g1
TR38251|c5_g1
TR15911|c1_g3
TR37081|c0_g1
TR18893|c0_g1
TR24893|c0_g2
TR7877|c0_g2
TR32477|c0_g3
TR1433|c13_g3
TR31291|c0_g1
TR6100|c3_g2
TR7762|c3_g2
TR2233|c2_g1
TR16101|c1_g1
TR19897|c2_g1
TR9798|c0_g1
TR7744|c0_g1
TR9041|c11_g1
TR15959|c2_g1
TR29124|c3_g1
TR2812|c1_g1
TR38322|c0_g1
TR13608|c0_g2
TR14106|c0_g1
TR14986|c0_g1
TR2855|c0_g2
TR7877|c0_g1
TR8229|c0_g2
TR32258|c5_g3
TR6581|c2_g3
TR23378|c0_g2
TR35503|c1_g3
TR2745|c11_g1
TR29375|c1_g1
TR5035|c2_g3
TR9450|c3_g1
TR32570|c0_g1
TR17819|c9_g1
TR35800|c0_g1
TR17896|c3_g3
TR15961|c3_g3
TR3236|c0_g1
TR27422|c1_g1
TR9093|c1_g1
TR29129|c1_g1
TR997|c0_g3
TR3871|c3_g1
TR8544|c1_g1
TR3868|c2_g2
TR27872|c2_g1
TR2195|c1_g2
TR6142|c3_g2
TR18236|c0_g1
TR29054|c0_g1
TR19825|c5_g1
TR167|c0_g3
TR15252|c9_g2
TR13689|c0_g1
TR6446|c4_g2
TR6614|c2_g3
TR2365|c0_g1
TR262|c0_g1
TR27003|c0_g1
TR8496|c9_g1
TR23864|c3_g1
TR25940|c0_g1
TR31263|c0_g1
TR7333|c0_g1
TR29201|c1_g1
TR3942|c5_g2
TR22267|c4_g1
TR27960|c0_g1
TR7717|c0_g2
TR7037|c1_g1
TR3229|c0_g3
TR14911|c0_g1
TR37082|c1_g1
TR13737|c0_g1
TR33690|c0_g1
TR654|c0_g1
TR3965|c0_g1
TR31463|c0_g1
TR17998|c1_g1
TR34114|c2_g1
TR37073|c0_g1
TR34796|c4_g2
TR36388|c6_g1
TR32485|c6_g2
TR6142|c3_g1
TR17471|c0_g1
TR32552|c0_g2
TR11496|c0_g1
TR3273|c0_g3
TR13734|c4_g1
TR7290|c1_g1
TR10126|c3_g1
TR6451|c0_g2
TR24942|c0_g1
TR5032|c2_g2
TR9118|c0_g1
TR16624|c1_g1
TR29136|c3_g1
TR15131|c0_g1
TR38966|c1_g2
TR24895|c0_g2
TR13408|c0_g1
TR34782|c1_g4
TR36159|c0_g1
TR2539|c0_g2
TR9904|c3_g2
TR8122|c0_g1
TR33569|c3_g1
TR23395|c6_g1
TR31218|c2_g2
TR9061|c7_g1
TR25583|c6_g1
TR23287|c0_g1
TR38885|c1_g1
TR626|c0_g2
TR17875|c1_g2
TR38910|c5_g2
TR25386|c0_g1
TR25085|c0_g1
TR27427|c1_g2
TR6553|c9_g1
TR6448|c11_g1
TR32224|c6_g1
TR31254|c5_g1
TR846|c0_g1
TR29190|c0_g1
TR15255|c2_g1
TR19702|c0_g1
TR38966|c2_g2
TR3912|c3_g1
TR15968|c1_g3
TR9091|c0_g1
TR8466|c1_g3
TR14604|c1_g1
TR20105|c0_g1
TR5091|c3_g2
TR5077|c5_g1
TR23917|c1_g6
TR194|c0_g1
TR19825|c4_g2
TR13959|c2_g1
TR3887|c3_g3
TR9091|c13_g1
TR15702|c0_g2
TR21781|c2_g2
TR10164|c0_g1
TR32516|c1_g1
TR8252|c0_g1
TR22916|c0_g1
TR19691|c1_g1
TR38943|c7_g2
TR26529|c1_g1
TR13098|c0_g1
TR3868|c2_g4
TR31886|c2_g2
TR25085|c0_g2
TR10122|c15_g1
TR21713|c2_g3
TR32182|c3_g1
TR34131|c3_g1
TR31438|c0_g1
TR26434|c12_g1
TR5305|c0_g1
TR9104|c0_g2
TR32620|c0_g1
TR22082|c1_g1
TR22872|c1_g1
TR22072|c0_g1
TR28333|c0_g2
TR10839|c0_g1
TR10115|c3_g2
TR39352|c0_g1
TR39187|c0_g1
TR7010|c1_g1
TR36435|c7_g3
TR7760|c3_g1
TR17991|c0_g1
TR8499|c0_g1
TR32189|c3_g1
TR13665|c14_g1
TR12662|c0_g1
TR24884|c12_g1
TR35589|c0_g1
TR10982|c10_g2
TR19894|c5_g3
TR17388|c0_g1
TR5077|c10_g1
TR29174|c1_g2
TR9254|c1_g1
TR3281|c0_g3
TR32272|c1_g1
TR38266|c0_g1
TR19294|c0_g1
TR2745|c1_g1
TR9216|c6_g1
TR30506|c0_g1
TR238|c0_g2
TR6093|c7_g1
TR6567|c4_g6
TR7399|c0_g1
TR11287|c0_g1
TR2858|c0_g1
TR23256|c0_g1
TR6127|c1_g1
TR18856|c0_g1
TR13725|c3_g3
TR29861|c1_g1
TR22923|c3_g1
TR32499|c0_g2
TR15301|c0_g3
TR36747|c0_g1
TR31254|c3_g2
TR33138|c0_g1
TR27576|c0_g1
TR7604|c0_g1
TR17925|c0_g1
TR31493|c1_g2
TR38971|c9_g1
TR633|c0_g1
TR18236|c2_g1
TR8499|c3_g1
TR8550|c1_g2
TR4988|c0_g1
TR23920|c0_g1
TR29106|c4_g1
TR3221|c0_g1
TR32328|c0_g1
TR23923|c5_g1
TR7734|c0_g1
TR13955|c0_g1
TR17941|c0_g1
TR22669|c0_g1
TR14190|c0_g2
TR21291|c1_g1
TR14014|c0_g1
TR11477|c0_g3
TR2415|c0_g1
TR34102|c0_g1
TR15227|c2_g2
TR17571|c0_g2
TR2469|c0_g1
TR21280|c2_g1
TR22272|c1_g1
TR6581|c2_g1
TR6802|c0_g2
TR10164|c1_g1
TR7758|c1_g2
TR8496|c8_g1
TR31843|c0_g1
TR2398|c0_g1
TR36407|c4_g1
TR38925|c10_g3
TR36409|c3_g2
TR26386|c1_g1
TR14101|c1_g1
TR654|c0_g2
TR6607|c4_g3
TR6112|c9_g1
TR7739|c1_g2
TR2477|c2_g1
TR23350|c0_g1
TR36644|c0_g2
TR39397|c0_g2
TR34102|c1_g1
TR23882|c6_g2
TR19861|c9_g2
TR8538|c4_g1
TR5047|c5_g3
TR19266|c0_g2
TR11916|c0_g1
TR15723|c1_g1
TR32172|c0_g3
TR18156|c6_g2
TR3208|c0_g2
TR14606|c0_g1
TR14927|c2_g2
TR21713|c2_g1
TR8550|c1_g1
TR3946|c0_g3
TR32318|c0_g1
TR7913|c1_g1
TR22385|c0_g1
TR1016|c0_g1
TR17838|c1_g1
TR34131|c2_g2
TR15982|c1_g1
TR23978|c10_g1
TR27006|c0_g2
TR10221|c0_g1
TR26455|c10_g2
TR22279|c0_g1
TR22300|c0_g1
TR1405|c4_g1
TR32299|c4_g2
TR1954|c0_g2
TR21259|c0_g1
TR7350|c0_g1
TR7580|c0_g2
TR14927|c2_g1
TR1419|c0_g1
TR9258|c1_g4
TR34807|c1_g1
TR23936|c2_g1
TR14927|c3_g1
TR17848|c11_g2
TR21771|c1_g1
TR24925|c0_g1
TR6444|c5_g1
TR7717|c4_g1
TR6078|c5_g1
TR6536|c6_g1
TR19854|c1_g2
TR9192|c4_g1
TR30802|c0_g2
TR33546|c0_g1
TR9223|c0_g1
TR29174|c1_g1
TR34057|c0_g1
TR2525|c0_g1
TR32246|c5_g4
TR6623|c5_g1
TR38269|c0_g1
TR7760|c2_g1
TR7046|c0_g1
TR32138|c4_g1
TR13751|c5_g2
TR38966|c0_g1
TR19854|c3_g2
TR27872|c1_g1
TR8504|c0_g1
TR841|c0_g1
TR6410|c9_g1
TR9433|c0_g2
TR31098|c0_g1
TR16896|c0_g1
TR7172|c0_g1
TR19541|c0_g2
TR29110|c9_g2
TR23713|c0_g1
TR19429|c0_g1
TR20858|c0_g1
TR31835|c1_g2
TR25961|c0_g1
TR19430|c0_g1
TR14979|c1_g1
TR15313|c7_g1
TR17941|c1_g1
TR9440|c1_g1
TR3900|c0_g1
TR38895|c0_g1
TR24848|c1_g1
TR3947|c3_g3
TR24027|c1_g1
TR3928|c4_g1
TR32240|c1_g2
TR19896|c8_g2
TR3920|c4_g2
TR1691|c0_g1
TR7954|c1_g2
TR7581|c2_g1
TR29166|c11_g1
TR3267|c1_g1
TR10122|c3_g2
TR22280|c0_g1
TR10982|c10_g1
TR14643|c0_g3
TR29182|c2_g2
TR6402|c1_g1
TR17858|c3_g3
TR15918|c6_g2
TR13734|c1_g1
TR29044|c0_g1
TR10161|c1_g2
TR34927|c0_g2
TR15255|c12_g1
TR9485|c8_g3
TR6995|c0_g1
TR36437|c0_g2
TR2353|c1_g1
TR31204|c2_g1
TR23262|c0_g1
TR23667|c0_g1
TR36412|c1_g2
TR32896|c0_g1
TR1596|c0_g1
TR21360|c1_g2
TR14653|c2_g1
TR21742|c7_g2
TR30846|c2_g2
TR21931|c0_g1
TR22082|c1_g2
TR5029|c0_g2
TR9485|c7_g1
TR39352|c1_g1
TR9061|c1_g1
TR27367|c0_g1
TR5077|c6_g2
TR1489|c9_g1
TR15707|c0_g3
TR651|c0_g1
TR9187|c3_g4
TR38266|c0_g2
TR32585|c0_g2
TR3871|c3_g4
TR14138|c1_g1
TR31448|c1_g1
TR227|c0_g1
TR31504|c0_g1
TR22094|c0_g1
TR8454|c0_g1
TR1011|c1_g1
TR24880|c1_g1
TR34057|c0_g2
TR1062|c0_g1
TR7059|c3_g1
TR2224|c0_g1
TR13675|c4_g1
TR30513|c0_g1
TR36320|c0_g1
TR6779|c2_g2
TR6736|c2_g1
TR15225|c8_g1
TR23935|c2_g2
TR30791|c1_g2
TR13957|c0_g1
TR9033|c1_g1
TR6591|c3_g2
TR13959|c0_g1
TR31238|c0_g1
TR21701|c1_g2
TR33859|c0_g1
TR33671|c0_g2
TR39402|c0_g1
TR21300|c0_g1
TR31217|c1_g4
TR2850|c0_g1
TR36384|c7_g1
TR5467|c0_g1
TR23389|c5_g2
TR38844|c2_g1
TR25862|c0_g1
TR5206|c0_g1
TR19861|c0_g1
TR15696|c0_g1
TR2785|c7_g1
TR31211|c2_g1
TR668|c0_g1
TR31887|c0_g1
TR14190|c1_g1
TR8548|c7_g4
TR826|c0_g1
TR9476|c5_g2
TR36676|c0_g2
TR18159|c0_g2
TR3900|c0_g2
TR19901|c9_g1
TR1471|c9_g1
TR35721|c1_g1
TR22741|c0_g1
TR10996|c0_g2
TR2400|c0_g1
TR17844|c4_g1
TR10981|c0_g1
TR33798|c0_g1
TR9249|c6_g3
TR29110|c8_g1
TR6127|c1_g2
TR85|c0_g1
TR36320|c0_g2
TR23867|c5_g1
TR6567|c4_g2
TR9205|c2_g1
TR5029|c0_g1
TR6106|c2_g2
TR10108|c7_g1
TR26462|c5_g1
TR22120|c0_g1
TR24864|c0_g1
TR2860|c2_g2
TR13704|c2_g5
TR15242|c1_g1
TR2860|c3_g1
TR29897|c0_g1
TR6393|c5_g1
TR6581|c2_g4
TR32246|c4_g2
TR28407|c0_g2
TR13753|c1_g3
TR36404|c4_g1
TR38943|c7_g1
TR8548|c6_g1
TR32533|c1_g1
TR19199|c0_g1
TR23910|c6_g1
TR23888|c1_g6
TR38862|c0_g1
TR14663|c3_g1
TR35503|c0_g1
TR33701|c0_g1
TR1491|c1_g1
TR32341|c0_g1
TR36360|c0_g2
TR6430|c3_g2
TR19896|c10_g1
TR22847|c0_g1
TR30858|c12_g1
TR3889|c15_g1
TR11476|c1_g1
TR32272|c5_g3
TR39085|c0_g2
TR8520|c3_g1
TR27384|c0_g1
TR1009|c0_g1
TR26432|c1_g1
TR28025|c0_g1
TR23917|c1_g4
TR3942|c6_g2
TR37741|c0_g2
TR8246|c0_g1
TR29114|c2_g4
TR15252|c9_g1
TR7545|c0_g1
TR15246|c0_g1
TR11925|c0_g1
TR29861|c0_g1
TR2177|c6_g1
TR6611|c1_g1
TR23381|c1_g3
TR38204|c1_g1
TR23381|c1_g1
TR15914|c1_g3
TR5077|c0_g2
TR39099|c0_g2
TR15961|c3_g4
TR6100|c3_g1
TR23077|c0_g2
TR5077|c1_g1
TR25547|c0_g1
TR34047|c1_g1
TR33558|c0_g1
TR37001|c4_g1
TR24860|c0_g2
TR31494|c0_g1
TR1042|c0_g1
TR30841|c0_g1
TR29129|c2_g1
TR29189|c5_g2
TR14189|c0_g2
TR6581|c2_g5
TR17500|c0_g1
TR15831|c0_g1
TR19553|c1_g1
TR15959|c2_g2
TR35643|c0_g1
TR10148|c2_g1
TR25663|c0_g1
TR31302|c12_g1
TR31098|c1_g1
TR1458|c5_g2
TR17442|c0_g1
TR31884|c1_g1
TR27029|c0_g2
TR5094|c1_g1
TR23888|c1_g5
TR626|c0_g3
TR3884|c0_g3
TR19825|c6_g2
TR14973|c0_g1
TR9549|c0_g2
TR19175|c0_g1
TR23994|c2_g1
TR6591|c3_g1
TR14151|c0_g2
TR301|c0_g1
TR36431|c3_g3
TR5032|c2_g3
TR20106|c0_g2
TR23743|c0_g2
TR32641|c0_g2
TR4340|c0_g1
TR22292|c2_g1
TR23315|c0_g1
TR15094|c0_g1
TR37013|c3_g1
TR32318|c5_g1
TR9989|c0_g1
TR36435|c7_g6
TR37055|c6_g5
TR7557|c0_g2
TR30590|c0_g2
TR6078|c2_g1
TR26455|c20_g1
TR10983|c1_g4
TR19256|c0_g3
TR29195|c2_g1
TR38251|c0_g1
TR9416|c4_g4
TR32166|c3_g1
TR30513|c0_g2
TR23399|c0_g1
TR38325|c1_g1
TR21757|c5_g3
TR31238|c0_g2
TR9118|c0_g2
TR9982|c0_g2
TR34772|c3_g2
TR19126|c0_g1
TR23914|c0_g1
TR36996|c3_g2
TR17886|c8_g1
TR6393|c8_g1
TR4350|c0_g1
TR22924|c0_g1
TR11672|c0_g1
TR23984|c8_g1
TR10965|c0_g1
TR38935|c1_g1
TR13736|c8_g1
TR24014|c2_g2
TR31286|c2_g1
TR17719|c0_g1
TR1593|c0_g1
TR34807|c3_g1
TR34337|c0_g2
TR9104|c0_g1
TR30847|c4_g1
TR22872|c0_g1
TR37032|c4_g3
TR23259|c0_g1
TR14004|c4_g1
TR3887|c3_g5
TR3194|c0_g1
TR32239|c9_g2
TR19227|c0_g1
TR2775|c3_g3
TR17835|c5_g1
TR2761|c4_g1
TR23365|c1_g2
TR22255|c2_g1
TR36528|c1_g2
TR26438|c13_g1
TR2875|c0_g1
TR3270|c0_g2
TR36593|c0_g1
TR7906|c0_g2
TR19901|c9_g2
TR27404|c4_g2
TR17194|c0_g1
TR26386|c0_g1
TR2722|c1_g1
TR22829|c4_g1
TR6448|c17_g1
TR25551|c2_g1
TR38251|c1_g1
TR15968|c1_g2
TR2828|c1_g2
TR9267|c3_g1
TR9485|c8_g4
TR15219|c1_g1
TR15298|c0_g1
TR7754|c2_g2
TR9115|c2_g1
TR31211|c1_g1
TR9120|c6_g3
TR10196|c3_g1
TR10983|c1_g5
TR9180|c2_g1
TR15694|c0_g1
TR1009|c0_g2
TR5876|c0_g1
TR32558|c2_g1
TR15918|c6_g1
TR32143|c1_g1
TR6724|c2_g1
TR209|c0_g1
TR12740|c0_g1
TR34076|c5_g1
TR3871|c3_g2
TR24914|c8_g1
TR19894|c5_g2
TR7954|c3_g1
TR14127|c0_g1
TR23117|c0_g1
TR6450|c12_g1
TR34124|c0_g2
TR36234|c2_g1
TR18825|c0_g1
TR38891|c5_g1
TR25951|c0_g1
TR12123|c0_g1
TR38971|c6_g4
TR38297|c0_g1
TR18887|c0_g1
TR6545|c11_g6
TR27365|c1_g1
TR31843|c0_g2
TR36412|c3_g4
TR38293|c1_g2
TR32499|c0_g3
TR3868|c1_g1
TR29375|c0_g1
TR6989|c0_g1
TR10148|c7_g1
TR16101|c0_g1
TR2224|c11_g1
TR30164|c1_g1
TR32204|c0_g2
TR21772|c3_g2
TR18209|c0_g2
TR32484|c0_g2
TR23380|c1_g1
TR22081|c0_g2
TR9412|c4_g2
TR36377|c10_g1
TR27393|c1_g3
TR6112|c11_g1
TR30836|c10_g1
TR33329|c1_g1
TR23375|c2_g3
TR37017|c0_g1
TR21383|c0_g1
TR29156|c0_g2
